<?xml version='1.0' encoding='UTF-8' standalone='no'?>
<doxygen xmlns:xsi="http://www.w3.org/2001/XMLSchema-instance" xsi:noNamespaceSchemaLocation="compound.xsd" version="1.8.11">
  <compounddef id="d8/d02/simple__json__error_8c" kind="file" language="C++">
    <compoundname>simple_json_error.c</compoundname>
    <includes refid="d6/d6f/simple__json__error_8h" local="yes">simple_json_error.h</includes>
    <includes refid="d4/dd1/simple__json__string_8h" local="yes">simple_json_string.h</includes>
    <incdepgraph>
      <node id="267">
        <label>simple_json_string.h</label>
        <link refid="d4/dd1/simple__json__string_8h"/>
      </node>
      <node id="266">
        <label>simple_json_error.h</label>
        <link refid="d6/d6f/simple__json__error_8h"/>
      </node>
      <node id="265">
        <label>/home/djkehoe/git/simple_json/src/simple_json_error.c</label>
        <link refid="simple_json_error.c"/>
        <childnode refid="266" relation="include">
        </childnode>
        <childnode refid="267" relation="include">
        </childnode>
      </node>
    </incdepgraph>
      <sectiondef kind="var">
      <memberdef kind="variable" id="d8/d02/simple__json__error_8c_1a010d30dd84f6f474a5cc8b5d96adb55b" prot="public" static="yes" mutable="no">
        <type><ref refid="d4/d1f/structSJString" kindref="compound">SJString</ref></type>
        <definition>SJString error</definition>
        <argsstring></argsstring>
        <name>error</name>
        <initializer>= {0}</initializer>
        <briefdescription>
        </briefdescription>
        <detaileddescription>
        </detaileddescription>
        <inbodydescription>
        </inbodydescription>
        <location file="/home/djkehoe/git/simple_json/src/simple_json_error.c" line="4" column="1" bodyfile="/home/djkehoe/git/simple_json/src/simple_json_error.c" bodystart="4" bodyend="-1"/>
      </memberdef>
      </sectiondef>
      <sectiondef kind="func">
      <memberdef kind="function" id="d8/d02/simple__json__error_8c_1a5d74fc3dd2997bd985966f6c31e241de" prot="public" static="no" const="no" explicit="no" inline="no" virt="non-virtual">
        <type>char *</type>
        <definition>char* sj_get_error</definition>
        <argsstring>()</argsstring>
        <name>sj_get_error</name>
        <briefdescription>
<para>get the last reported error for simple json </para>        </briefdescription>
        <detaileddescription>
<para><simplesect kind="return"><para>a character array with the error message </para></simplesect>
</para>        </detaileddescription>
        <inbodydescription>
        </inbodydescription>
        <location file="/home/djkehoe/git/simple_json/src/simple_json_error.c" line="6" column="1" bodyfile="/home/djkehoe/git/simple_json/src/simple_json_error.c" bodystart="6" bodyend="9"/>
      </memberdef>
      <memberdef kind="function" id="d8/d02/simple__json__error_8c_1ae0819d6f58f423e5d26ea66df15de81c" prot="public" static="no" const="no" explicit="no" inline="no" virt="non-virtual">
        <type>void</type>
        <definition>void sj_set_error</definition>
        <argsstring>(char *er)</argsstring>
        <name>sj_set_error</name>
        <param>
          <type>char *</type>
          <declname>error</declname>
          <defname>er</defname>
        </param>
        <briefdescription>
<para>used internally to se the error message </para>        </briefdescription>
        <detaileddescription>
<para><parameterlist kind="param"><parameteritem>
<parameternamelist>
<parametername>error</parametername>
</parameternamelist>
<parameterdescription>
<para>the error message to set </para></parameterdescription>
</parameteritem>
</parameterlist>
</para>        </detaileddescription>
        <inbodydescription>
        </inbodydescription>
        <location file="/home/djkehoe/git/simple_json/src/simple_json_error.c" line="11" column="1" bodyfile="/home/djkehoe/git/simple_json/src/simple_json_error.c" bodystart="11" bodyend="14"/>
      </memberdef>
      </sectiondef>
    <briefdescription>
    </briefdescription>
    <detaileddescription>
    </detaileddescription>
    <programlisting>
<codeline lineno="1"><highlight class="preprocessor">#include<sp/>&quot;<ref refid="d6/d6f/simple__json__error_8h" kindref="compound">simple_json_error.h</ref>&quot;</highlight><highlight class="normal"></highlight></codeline>
<codeline lineno="2"><highlight class="normal"></highlight><highlight class="preprocessor">#include<sp/>&quot;<ref refid="d4/dd1/simple__json__string_8h" kindref="compound">simple_json_string.h</ref>&quot;</highlight><highlight class="normal"></highlight></codeline>
<codeline lineno="3"><highlight class="normal"></highlight></codeline>
<codeline lineno="4"><highlight class="normal"></highlight><highlight class="keyword">static</highlight><highlight class="normal"><sp/><ref refid="d4/d1f/structSJString" kindref="compound">SJString</ref><sp/>error<sp/>=<sp/>{0};</highlight></codeline>
<codeline lineno="5"><highlight class="normal"></highlight></codeline>
<codeline lineno="6" refid="d6/d6f/simple__json__error_8h_1a5d74fc3dd2997bd985966f6c31e241de" refkind="member"><highlight class="normal"></highlight><highlight class="keywordtype">char</highlight><highlight class="normal"><sp/>*<ref refid="d8/d02/simple__json__error_8c_1a5d74fc3dd2997bd985966f6c31e241de" kindref="member">sj_get_error</ref>()</highlight></codeline>
<codeline lineno="7"><highlight class="normal">{</highlight></codeline>
<codeline lineno="8"><highlight class="normal"><sp/><sp/><sp/><sp/></highlight><highlight class="keywordflow">return</highlight><highlight class="normal"><sp/>error.<ref refid="d4/d1f/structSJString_1a623eb7be189beccc29815162623ef0ca" kindref="member">text</ref>;</highlight></codeline>
<codeline lineno="9"><highlight class="normal">}</highlight></codeline>
<codeline lineno="10"><highlight class="normal"></highlight></codeline>
<codeline lineno="11" refid="d6/d6f/simple__json__error_8h_1a6cbf23366a99bf9b2d5ec4a39cc05d23" refkind="member"><highlight class="normal"></highlight><highlight class="keywordtype">void</highlight><highlight class="normal"><sp/><ref refid="d8/d02/simple__json__error_8c_1ae0819d6f58f423e5d26ea66df15de81c" kindref="member">sj_set_error</ref>(</highlight><highlight class="keywordtype">char</highlight><highlight class="normal"><sp/>*er)</highlight></codeline>
<codeline lineno="12"><highlight class="normal">{</highlight></codeline>
<codeline lineno="13"><highlight class="normal"><sp/><sp/><sp/><sp/><ref refid="d9/dc8/simple__json__string_8c_1af5785dd7f372915bb596702f0d7c1908" kindref="member">sj_string_set</ref>(&amp;error,er);</highlight></codeline>
<codeline lineno="14"><highlight class="normal">}</highlight></codeline>
<codeline lineno="15"><highlight class="normal"></highlight></codeline>
<codeline lineno="16"><highlight class="normal"></highlight><highlight class="comment">/*eol@eof*/</highlight><highlight class="normal"></highlight></codeline>
    </programlisting>
    <location file="/home/djkehoe/git/simple_json/src/simple_json_error.c"/>
  </compounddef>
</doxygen>
