<?xml version='1.0' encoding='UTF-8' standalone='no'?>
<doxygen xmlns:xsi="http://www.w3.org/2001/XMLSchema-instance" xsi:noNamespaceSchemaLocation="compound.xsd" version="1.8.11">
  <compounddef id="dir_68267d1309a1af8e8297ef4c3efbcdba" kind="dir">
    <compoundname>/home/djkehoe/git/simple_json/src</compoundname>
    <innerfile refid="df/d03/simple__json_8c">simple_json.c</innerfile>
    <innerfile refid="d4/db4/simple__json__array_8c">simple_json_array.c</innerfile>
    <innerfile refid="d8/d02/simple__json__error_8c">simple_json_error.c</innerfile>
    <innerfile refid="d4/dc8/simple__json__list_8c">simple_json_list.c</innerfile>
    <innerfile refid="d1/d00/simple__json__object_8c">simple_json_object.c</innerfile>
    <innerfile refid="d1/d6a/simple__json__parse_8c">simple_json_parse.c</innerfile>
    <innerfile refid="d9/dc8/simple__json__string_8c">simple_json_string.c</innerfile>
    <briefdescription>
    </briefdescription>
    <detaileddescription>
    </detaileddescription>
    <location file="/home/djkehoe/git/simple_json/src/"/>
  </compounddef>
</doxygen>
