<?xml version='1.0' encoding='UTF-8' standalone='no'?>
<doxygenindex xmlns:xsi="http://www.w3.org/2001/XMLSchema-instance" xsi:noNamespaceSchemaLocation="index.xsd" version="1.8.11">
  <compound refid="d9/dd9/structjsParse" kind="struct"><name>jsParse</name>
    <member refid="d9/dd9/structjsParse_1a9c0b007595634aae8cdb98a7a85b846a" kind="variable"><name>buffer</name></member>
    <member refid="d9/dd9/structjsParse_1ace05b203435af05113a9a4b7c40f0324" kind="variable"><name>position</name></member>
    <member refid="d9/dd9/structjsParse_1aa9b5c5a2d56b1753ccadf84c00385fba" kind="variable"><name>end</name></member>
  </compound>
  <compound refid="d9/d7e/structSJList" kind="struct"><name>SJList</name>
    <member refid="d9/d7e/structSJList_1a43fc72ebe9774607d3c503917b911c7c" kind="variable"><name>elements</name></member>
    <member refid="d9/d7e/structSJList_1a1e3944d88b5e2aac09698498f376559b" kind="variable"><name>size</name></member>
    <member refid="d9/d7e/structSJList_1a706017d74f3cde16157127d8e8025116" kind="variable"><name>count</name></member>
  </compound>
  <compound refid="d0/d8b/structSJListElementData" kind="struct"><name>SJListElementData</name>
    <member refid="d0/d8b/structSJListElementData_1ae48c7175a4477eb042b02b70c88485d1" kind="variable"><name>data</name></member>
  </compound>
  <compound refid="dd/d6d/structSJPair" kind="struct"><name>SJPair</name>
    <member refid="dd/d6d/structSJPair_1a23681f167b9eac4d55be408c2007ae6c" kind="variable"><name>key</name></member>
    <member refid="dd/d6d/structSJPair_1aeee74c0e0e05940043b8aa96d1be43a4" kind="variable"><name>value</name></member>
  </compound>
  <compound refid="d9/dca/structSJson__S" kind="struct"><name>SJson_S</name>
    <member refid="d9/dca/structSJson__S_1ad68edc13b2a814f9b920498ba439b8ba" kind="variable"><name>sjtype</name></member>
    <member refid="d9/dca/structSJson__S_1aa8c595b7789550a64b08950b0ad88e1e" kind="variable"><name>array</name></member>
    <member refid="d9/dca/structSJson__S_1ab50f7c395b214eb050ff59e3a9bbeb4a" kind="variable"><name>string</name></member>
    <member refid="d9/dca/structSJson__S_1a34c41be372d7bbe614b312cef2051b99" kind="variable"><name>v</name></member>
    <member refid="d9/dca/structSJson__S_1afd320740fab795e7063e89157a23c511" kind="variable"><name>get_string</name></member>
    <member refid="d9/dca/structSJson__S_1a8bd24b6b85325a01b8bae6c5899583f2" kind="variable"><name>json_free</name></member>
    <member refid="d9/dca/structSJson__S_1a3910fed04a197e779815cad2b0535f62" kind="variable"><name>copy</name></member>
  </compound>
  <compound refid="d4/d1f/structSJString" kind="struct"><name>SJString</name>
    <member refid="d4/d1f/structSJString_1a623eb7be189beccc29815162623ef0ca" kind="variable"><name>text</name></member>
    <member refid="d4/d1f/structSJString_1aadeb1114b35655389566beaab06d43d5" kind="variable"><name>size</name></member>
  </compound>
  <compound refid="d1/d15/simple__json_8h" kind="file"><name>simple_json.h</name>
    <member refid="d1/d15/simple__json_8h_1ad1ef511c3463cdecef2f38796af1e81e" kind="function"><name>sj_free</name></member>
    <member refid="d1/d15/simple__json_8h_1a0246b1c8e7295c1da2ce775389ee30e3" kind="function"><name>sj_copy</name></member>
    <member refid="d1/d15/simple__json_8h_1aec68172c7e7881e136f3dfeff46b9675" kind="function"><name>sj_load</name></member>
    <member refid="d1/d15/simple__json_8h_1a18a7b87adf4f72a0ac7a5710104ccf45" kind="function"><name>sj_save</name></member>
    <member refid="d1/d15/simple__json_8h_1af9dd6baff6bddfd106108b2351790690" kind="function"><name>sj_new_str</name></member>
    <member refid="d1/d15/simple__json_8h_1a55530b42bc765c47ccd9eea7fca8f8d1" kind="function"><name>sj_get_string_value</name></member>
    <member refid="d1/d15/simple__json_8h_1a5608b519dabd9f9bb74cc96e13e0b250" kind="function"><name>sj_get_integer_value</name></member>
    <member refid="d1/d15/simple__json_8h_1af99fe955e69bbb47c8879bd33eab3d65" kind="function"><name>sj_get_float_value</name></member>
    <member refid="d1/d15/simple__json_8h_1ad12f90e5a2f56f4fa30a2e60744c5e56" kind="function"><name>sj_get_bool_value</name></member>
    <member refid="d1/d15/simple__json_8h_1af385ce3d673cacde380509e1cc94a1b1" kind="function"><name>sj_new_int</name></member>
    <member refid="d1/d15/simple__json_8h_1a21a7c2878d965081a7250a1b2857ad02" kind="function"><name>sj_new_float</name></member>
    <member refid="d1/d15/simple__json_8h_1a945d280a4a804bd62840bef3a36855f0" kind="function"><name>sj_new_bool</name></member>
    <member refid="d1/d15/simple__json_8h_1a827e3349a5de45c6e1d92efb21c867e2" kind="function"><name>sj_null_new</name></member>
    <member refid="d1/d15/simple__json_8h_1a717d1569ffe0ec2d861fa4769ab3c922" kind="function"><name>sj_object_new</name></member>
    <member refid="d1/d15/simple__json_8h_1aa46bc64eb14588bd121eae3e33ca0d94" kind="function"><name>sj_object_insert</name></member>
    <member refid="d1/d15/simple__json_8h_1a60c5fe467a0603fea5b0385b6f7f9bd0" kind="function"><name>sj_object_get_value</name></member>
    <member refid="d1/d15/simple__json_8h_1a260c8407db429ec48b0fcc342fd35416" kind="function"><name>sj_array_new</name></member>
    <member refid="d1/d15/simple__json_8h_1a629448a3bf8473e0b3b5f698245524d5" kind="function"><name>sj_array_append</name></member>
    <member refid="d1/d15/simple__json_8h_1ad11a3339ca2b1882b5589149d594e007" kind="function"><name>sj_array_get_count</name></member>
    <member refid="d1/d15/simple__json_8h_1a20ad06b79ca3a69a5384a188d461eec7" kind="function"><name>sj_array_get_nth</name></member>
    <member refid="d1/d15/simple__json_8h_1a1f6469d89e33cd32b02f59d238fd2a18" kind="function"><name>sj_echo</name></member>
    <member refid="d1/d15/simple__json_8h_1a640e8eab628b88d20b751d57bafd7c79" kind="function"><name>sj_is_array</name></member>
    <member refid="d1/d15/simple__json_8h_1a7f027dcc9770a6dff08cf1c8b70b1fb0" kind="function"><name>sj_is_object</name></member>
    <member refid="d1/d15/simple__json_8h_1a46cd295293db4c66c915a85dbec563d3" kind="function"><name>sj_is_string</name></member>
    <member refid="d1/d15/simple__json_8h_1aa2edd426ef105912be0fe8255621cbff" kind="function"><name>sj_is_number</name></member>
    <member refid="d1/d15/simple__json_8h_1a7d6c8fd8b92e02500135de26d8580cd8" kind="function"><name>sj_is_bool</name></member>
    <member refid="d1/d15/simple__json_8h_1ac276a512137db7287da63572633bcdb3" kind="function"><name>sj_is_null</name></member>
  </compound>
  <compound refid="d0/d5f/simple__json__array_8h" kind="file"><name>simple_json_array.h</name>
    <member refid="d0/d5f/simple__json__array_8h_1a260c8407db429ec48b0fcc342fd35416" kind="function"><name>sj_array_new</name></member>
    <member refid="d0/d5f/simple__json__array_8h_1a97f6a40db68a7746dfda2c292f01f500" kind="function"><name>sj_array_free</name></member>
    <member refid="d0/d5f/simple__json__array_8h_1a629448a3bf8473e0b3b5f698245524d5" kind="function"><name>sj_array_append</name></member>
    <member refid="d0/d5f/simple__json__array_8h_1a20ad06b79ca3a69a5384a188d461eec7" kind="function"><name>sj_array_get_nth</name></member>
    <member refid="d0/d5f/simple__json__array_8h_1aa859c399a33ade6938aff698dd7f3f8d" kind="function"><name>sj_array_get_nth_as_string</name></member>
    <member refid="d0/d5f/simple__json__array_8h_1a4817507a839db8dd1524a3b6e15e4a5c" kind="function"><name>sj_array_to_json_string</name></member>
  </compound>
  <compound refid="d6/d6f/simple__json__error_8h" kind="file"><name>simple_json_error.h</name>
    <member refid="d6/d6f/simple__json__error_8h_1a3acffbd305ee72dcd4593c0d8af64a4f" kind="define"><name>MIN</name></member>
    <member refid="d6/d6f/simple__json__error_8h_1afa99ec4acc4ecb2dc3c2d05da15d0e3f" kind="define"><name>MAX</name></member>
    <member refid="d6/d6f/simple__json__error_8h_1a65e9886d74aaee76545e83dd09011727" kind="define"><name>false</name></member>
    <member refid="d6/d6f/simple__json__error_8h_1a41f9c5fb8b08eb5dc3edce4dcb37fee7" kind="define"><name>true</name></member>
    <member refid="d6/d6f/simple__json__error_8h_1a5d74fc3dd2997bd985966f6c31e241de" kind="function"><name>sj_get_error</name></member>
    <member refid="d6/d6f/simple__json__error_8h_1a6cbf23366a99bf9b2d5ec4a39cc05d23" kind="function"><name>sj_set_error</name></member>
  </compound>
  <compound refid="d1/d2e/simple__json__list_8h" kind="file"><name>simple_json_list.h</name>
    <member refid="d1/d2e/simple__json__list_8h_1a78de0f56ef6afe7c22f0ebd4933607de" kind="function"><name>sj_list_new</name></member>
    <member refid="d1/d2e/simple__json__list_8h_1a34c6cbe1af545d7cfd0c30e98e99e8ae" kind="function"><name>sj_list_new_size</name></member>
    <member refid="d1/d2e/simple__json__list_8h_1a4498df009cb743e4161f4b5a3fe3e7d8" kind="function"><name>sj_list_delete</name></member>
    <member refid="d1/d2e/simple__json__list_8h_1a38cb6cd4286019d518ab87691e2693bc" kind="function"><name>sj_list_get_nth</name></member>
    <member refid="d1/d2e/simple__json__list_8h_1a45a595f33a0cf30ff2e205a3571c7507" kind="function"><name>sj_list_append</name></member>
    <member refid="d1/d2e/simple__json__list_8h_1a5df14d77a6ed3ff7c461176d900f168e" kind="function"><name>sj_list_insert</name></member>
    <member refid="d1/d2e/simple__json__list_8h_1ae208fdf2ebaee60fd437d305f5e3ebbf" kind="function"><name>sj_list_delete_nth</name></member>
    <member refid="d1/d2e/simple__json__list_8h_1a2ef30e013f6c4986c2d66157be901001" kind="function"><name>sj_list_delete_data</name></member>
    <member refid="d1/d2e/simple__json__list_8h_1a20c3361477b5a57bd46579d961277c23" kind="function"><name>sj_list_get_count</name></member>
  </compound>
  <compound refid="dd/d32/simple__json__object_8h" kind="file"><name>simple_json_object.h</name>
    <member refid="dd/d32/simple__json__object_8h_1a9d320f7ff286eb0bbd66041daa2df54f" kind="function"><name>sj_object_free</name></member>
    <member refid="dd/d32/simple__json__object_8h_1aa46bc64eb14588bd121eae3e33ca0d94" kind="function"><name>sj_object_insert</name></member>
    <member refid="dd/d32/simple__json__object_8h_1aca06194ca7cd567b57416b39dec671c2" kind="function"><name>sj_object_to_json_string</name></member>
  </compound>
  <compound refid="d4/dce/simple__json__parse_8h" kind="file"><name>simple_json_parse.h</name>
    <member refid="d4/dce/simple__json__parse_8h_1a7f8b9027661ac8ba4c2a8834b06f5570" kind="function"><name>sj_parse_buffer</name></member>
  </compound>
  <compound refid="d4/dd1/simple__json__string_8h" kind="file"><name>simple_json_string.h</name>
    <member refid="d4/dd1/simple__json__string_8h_1a5507567114ed0256e77d45c558b6d7cb" kind="function"><name>sj_string_new</name></member>
    <member refid="d4/dd1/simple__json__string_8h_1a19fb85f2c3fecae2deb8978d8aba4724" kind="function"><name>sj_string_new_text</name></member>
    <member refid="d4/dd1/simple__json__string_8h_1acb792583fae4d8f63d8571fc3f26c7c3" kind="function"><name>sj_string_new_integer</name></member>
    <member refid="d4/dd1/simple__json__string_8h_1a61eed10e8492e1c2581d570e7bb6a526" kind="function"><name>sj_string_new_float</name></member>
    <member refid="d4/dd1/simple__json__string_8h_1a97c69e427be23f8aaa436b0ee0dd41e4" kind="function"><name>sj_string_new_bool</name></member>
    <member refid="d4/dd1/simple__json__string_8h_1a353b46786c4eab028ec911ed8cafed2d" kind="function"><name>sj_string_free</name></member>
    <member refid="d4/dd1/simple__json__string_8h_1a7b567767503b42cee4fab510889c6d10" kind="function"><name>sj_string_cmp</name></member>
    <member refid="d4/dd1/simple__json__string_8h_1af5785dd7f372915bb596702f0d7c1908" kind="function"><name>sj_string_set</name></member>
    <member refid="d4/dd1/simple__json__string_8h_1a32986f36aea43504fe174a784df28f8a" kind="function"><name>sj_string_set_limit</name></member>
    <member refid="d4/dd1/simple__json__string_8h_1a98eb51563c6501a48e8385ac7638c244" kind="function"><name>sj_string_concat</name></member>
    <member refid="d4/dd1/simple__json__string_8h_1ad594e541b3295d09556a22184c8be97d" kind="function"><name>sj_string_append</name></member>
    <member refid="d4/dd1/simple__json__string_8h_1a92598a33ebf9c9c6ee36109b9eac0a7a" kind="function"><name>sj_string_get_text</name></member>
    <member refid="d4/dd1/simple__json__string_8h_1acb68e4dd658ed579266be01ca6e2cfc4" kind="function"><name>sj_string_as_integer</name></member>
    <member refid="d4/dd1/simple__json__string_8h_1a2e0ed36958f2d1c5ef648d777f584a30" kind="function"><name>sj_string_as_float</name></member>
    <member refid="d4/dd1/simple__json__string_8h_1a772abb082e3d8763757881e15d537000" kind="function"><name>sj_string_as_bool</name></member>
  </compound>
  <compound refid="de/d40/simple__json__value_8h" kind="file"><name>simple_json_value.h</name>
    <member refid="de/d40/simple__json__value_8h_1a975dd883bf3002303e7ceda70d90d84b" kind="enum"><name>SJValueTypes</name></member>
    <member refid="de/d40/simple__json__value_8h_1a975dd883bf3002303e7ceda70d90d84ba15e4a16e37d6b567b38c63c8925704a0" kind="enumvalue"><name>SJVT_NULL</name></member>
    <member refid="de/d40/simple__json__value_8h_1a975dd883bf3002303e7ceda70d90d84ba679f450d8380d92ebbf906dd772a11ed" kind="enumvalue"><name>SJVT_Object</name></member>
    <member refid="de/d40/simple__json__value_8h_1a975dd883bf3002303e7ceda70d90d84bae00c76456b1898f61de8309ae6ccd8d4" kind="enumvalue"><name>SJVT_Array</name></member>
    <member refid="de/d40/simple__json__value_8h_1a975dd883bf3002303e7ceda70d90d84baeae45031d36ea78eca76b491c49798ad" kind="enumvalue"><name>SJVT_String</name></member>
    <member refid="de/d40/simple__json__value_8h_1a3aa063084e242f19976eb9578480d4e2" kind="typedef"><name>SJson</name></member>
    <member refid="de/d40/simple__json__value_8h_1a17b72c84ece910c9365592ac297fa52b" kind="function"><name>sj_new</name></member>
    <member refid="de/d40/simple__json__value_8h_1ad1ef511c3463cdecef2f38796af1e81e" kind="function"><name>sj_free</name></member>
    <member refid="de/d40/simple__json__value_8h_1aac7f9dff7a04bf6a7a84dddcd60088ec" kind="function"><name>sj_string_to_value</name></member>
    <member refid="de/d40/simple__json__value_8h_1a399e36877442aa864de7732de1aec2c4" kind="function"><name>sj_string_to_json_string</name></member>
    <member refid="de/d40/simple__json__value_8h_1ace951db871c87f7cc400d4b5201092e5" kind="function"><name>sj_value_to_json_string</name></member>
  </compound>
  <compound refid="df/d03/simple__json_8c" kind="file"><name>simple_json.c</name>
    <member refid="df/d03/simple__json_8c_1af9dd6baff6bddfd106108b2351790690" kind="function"><name>sj_new_str</name></member>
    <member refid="df/d03/simple__json_8c_1af385ce3d673cacde380509e1cc94a1b1" kind="function"><name>sj_new_int</name></member>
    <member refid="df/d03/simple__json_8c_1a21a7c2878d965081a7250a1b2857ad02" kind="function"><name>sj_new_float</name></member>
    <member refid="df/d03/simple__json_8c_1a945d280a4a804bd62840bef3a36855f0" kind="function"><name>sj_new_bool</name></member>
    <member refid="df/d03/simple__json_8c_1a02d0d378fb7b08c6d9345d4a1a8ec6af" kind="function"><name>get_file_Size</name></member>
    <member refid="df/d03/simple__json_8c_1aec68172c7e7881e136f3dfeff46b9675" kind="function"><name>sj_load</name></member>
    <member refid="df/d03/simple__json_8c_1a17b72c84ece910c9365592ac297fa52b" kind="function"><name>sj_new</name></member>
    <member refid="df/d03/simple__json_8c_1a0246b1c8e7295c1da2ce775389ee30e3" kind="function"><name>sj_copy</name></member>
    <member refid="df/d03/simple__json_8c_1aeb651d73582b498cf77fb178089d5848" kind="function"><name>sj_free</name></member>
    <member refid="df/d03/simple__json_8c_1a18a7b87adf4f72a0ac7a5710104ccf45" kind="function"><name>sj_save</name></member>
    <member refid="df/d03/simple__json_8c_1a1f6469d89e33cd32b02f59d238fd2a18" kind="function"><name>sj_echo</name></member>
    <member refid="df/d03/simple__json_8c_1acefe3625efa1d9a2eb4540f49179f125" kind="function"><name>sj_null_free</name></member>
    <member refid="df/d03/simple__json_8c_1ace951db871c87f7cc400d4b5201092e5" kind="function"><name>sj_value_to_json_string</name></member>
    <member refid="df/d03/simple__json_8c_1ae2bbd86c3d893be57167d79cf9fdab89" kind="function"><name>sj_null_to_json_string</name></member>
    <member refid="df/d03/simple__json_8c_1afdb3e5caa026913f78fcdb20e91e88e6" kind="function"><name>sj_null_copy</name></member>
    <member refid="df/d03/simple__json_8c_1a827e3349a5de45c6e1d92efb21c867e2" kind="function"><name>sj_null_new</name></member>
    <member refid="df/d03/simple__json_8c_1a55530b42bc765c47ccd9eea7fca8f8d1" kind="function"><name>sj_get_string_value</name></member>
    <member refid="df/d03/simple__json_8c_1a5608b519dabd9f9bb74cc96e13e0b250" kind="function"><name>sj_get_integer_value</name></member>
    <member refid="df/d03/simple__json_8c_1af99fe955e69bbb47c8879bd33eab3d65" kind="function"><name>sj_get_float_value</name></member>
    <member refid="df/d03/simple__json_8c_1ad12f90e5a2f56f4fa30a2e60744c5e56" kind="function"><name>sj_get_bool_value</name></member>
    <member refid="df/d03/simple__json_8c_1a640e8eab628b88d20b751d57bafd7c79" kind="function"><name>sj_is_array</name></member>
    <member refid="df/d03/simple__json_8c_1a7f027dcc9770a6dff08cf1c8b70b1fb0" kind="function"><name>sj_is_object</name></member>
    <member refid="df/d03/simple__json_8c_1a46cd295293db4c66c915a85dbec563d3" kind="function"><name>sj_is_string</name></member>
    <member refid="df/d03/simple__json_8c_1aa2edd426ef105912be0fe8255621cbff" kind="function"><name>sj_is_number</name></member>
    <member refid="df/d03/simple__json_8c_1a7d6c8fd8b92e02500135de26d8580cd8" kind="function"><name>sj_is_bool</name></member>
    <member refid="df/d03/simple__json_8c_1ac276a512137db7287da63572633bcdb3" kind="function"><name>sj_is_null</name></member>
  </compound>
  <compound refid="d4/db4/simple__json__array_8c" kind="file"><name>simple_json_array.c</name>
    <member refid="d4/db4/simple__json__array_8c_1a06bdae2789eec42cb68de2b3f500258d" kind="function"><name>sj_array_check</name></member>
    <member refid="d4/db4/simple__json__array_8c_1acb688f784a82ed0c3bbc2a0c12f080d3" kind="function"><name>sj_array_copy</name></member>
    <member refid="d4/db4/simple__json__array_8c_1a260c8407db429ec48b0fcc342fd35416" kind="function"><name>sj_array_new</name></member>
    <member refid="d4/db4/simple__json__array_8c_1a97f6a40db68a7746dfda2c292f01f500" kind="function"><name>sj_array_free</name></member>
    <member refid="d4/db4/simple__json__array_8c_1ad11a3339ca2b1882b5589149d594e007" kind="function"><name>sj_array_get_count</name></member>
    <member refid="d4/db4/simple__json__array_8c_1a629448a3bf8473e0b3b5f698245524d5" kind="function"><name>sj_array_append</name></member>
    <member refid="d4/db4/simple__json__array_8c_1a20ad06b79ca3a69a5384a188d461eec7" kind="function"><name>sj_array_get_nth</name></member>
    <member refid="d4/db4/simple__json__array_8c_1aa859c399a33ade6938aff698dd7f3f8d" kind="function"><name>sj_array_get_nth_as_string</name></member>
    <member refid="d4/db4/simple__json__array_8c_1a4817507a839db8dd1524a3b6e15e4a5c" kind="function"><name>sj_array_to_json_string</name></member>
  </compound>
  <compound refid="d8/d02/simple__json__error_8c" kind="file"><name>simple_json_error.c</name>
    <member refid="d8/d02/simple__json__error_8c_1a010d30dd84f6f474a5cc8b5d96adb55b" kind="variable"><name>error</name></member>
    <member refid="d8/d02/simple__json__error_8c_1a5d74fc3dd2997bd985966f6c31e241de" kind="function"><name>sj_get_error</name></member>
    <member refid="d8/d02/simple__json__error_8c_1ae0819d6f58f423e5d26ea66df15de81c" kind="function"><name>sj_set_error</name></member>
  </compound>
  <compound refid="d4/dc8/simple__json__list_8c" kind="file"><name>simple_json_list.c</name>
    <member refid="d4/dc8/simple__json__list_8c_1a4498df009cb743e4161f4b5a3fe3e7d8" kind="function"><name>sj_list_delete</name></member>
    <member refid="d4/dc8/simple__json__list_8c_1a78de0f56ef6afe7c22f0ebd4933607de" kind="function"><name>sj_list_new</name></member>
    <member refid="d4/dc8/simple__json__list_8c_1a34c6cbe1af545d7cfd0c30e98e99e8ae" kind="function"><name>sj_list_new_size</name></member>
    <member refid="d4/dc8/simple__json__list_8c_1a38cb6cd4286019d518ab87691e2693bc" kind="function"><name>sj_list_get_nth</name></member>
    <member refid="d4/dc8/simple__json__list_8c_1a3a75e39da2d6908d5e1ac77504d37524" kind="function"><name>sj_list_expand</name></member>
    <member refid="d4/dc8/simple__json__list_8c_1a45a595f33a0cf30ff2e205a3571c7507" kind="function"><name>sj_list_append</name></member>
    <member refid="d4/dc8/simple__json__list_8c_1a168903c2134f06073b0a7e59f1e2dd67" kind="function"><name>sj_list_prepend</name></member>
    <member refid="d4/dc8/simple__json__list_8c_1a5df14d77a6ed3ff7c461176d900f168e" kind="function"><name>sj_list_insert</name></member>
    <member refid="d4/dc8/simple__json__list_8c_1a31540e4441f700dbd6409d567c55ec98" kind="function"><name>sj_list_delete_first</name></member>
    <member refid="d4/dc8/simple__json__list_8c_1a5117df142c99572867f79ede5a457835" kind="function"><name>sj_list_delete_last</name></member>
    <member refid="d4/dc8/simple__json__list_8c_1a2ef30e013f6c4986c2d66157be901001" kind="function"><name>sj_list_delete_data</name></member>
    <member refid="d4/dc8/simple__json__list_8c_1ae208fdf2ebaee60fd437d305f5e3ebbf" kind="function"><name>sj_list_delete_nth</name></member>
    <member refid="d4/dc8/simple__json__list_8c_1a20c3361477b5a57bd46579d961277c23" kind="function"><name>sj_list_get_count</name></member>
    <member refid="d4/dc8/simple__json__list_8c_1a01ebe1a232a431157e23a5bac1fe222a" kind="function"><name>sj_list_foreach</name></member>
  </compound>
  <compound refid="d1/d00/simple__json__object_8c" kind="file"><name>simple_json_object.c</name>
    <member refid="d1/d00/simple__json__object_8c_1ac9279570a1d0982dc3dc5922d16bb8df" kind="function"><name>sj_object_check</name></member>
    <member refid="d1/d00/simple__json__object_8c_1ad210f07fe056b70dde9016be25a58f26" kind="function"><name>sj_pair_free</name></member>
    <member refid="d1/d00/simple__json__object_8c_1af279ef2e270d540b32966341d99ca9d0" kind="function"><name>sj_pair_new</name></member>
    <member refid="d1/d00/simple__json__object_8c_1aa46bc64eb14588bd121eae3e33ca0d94" kind="function"><name>sj_object_insert</name></member>
    <member refid="d1/d00/simple__json__object_8c_1a6575a559909011ed29ad547772ce0eaf" kind="function"><name>sj_object_copy</name></member>
    <member refid="d1/d00/simple__json__object_8c_1a717d1569ffe0ec2d861fa4769ab3c922" kind="function"><name>sj_object_new</name></member>
    <member refid="d1/d00/simple__json__object_8c_1a9d320f7ff286eb0bbd66041daa2df54f" kind="function"><name>sj_object_free</name></member>
    <member refid="d1/d00/simple__json__object_8c_1a60c5fe467a0603fea5b0385b6f7f9bd0" kind="function"><name>sj_object_get_value</name></member>
    <member refid="d1/d00/simple__json__object_8c_1a53d11bf148fdebe3c7dc395f112bfc25" kind="function"><name>sj_object_get_value_as_string</name></member>
    <member refid="d1/d00/simple__json__object_8c_1aca06194ca7cd567b57416b39dec671c2" kind="function"><name>sj_object_to_json_string</name></member>
  </compound>
  <compound refid="d1/d6a/simple__json__parse_8c" kind="file"><name>simple_json_parse.c</name>
    <member refid="d1/d6a/simple__json__parse_8c_1a3309caae005ce8cec5872e722fe089f9" kind="function"><name>sj_parse_object</name></member>
    <member refid="d1/d6a/simple__json__parse_8c_1a8b2b6e8a70469f2cb5a0d94e5b0a6720" kind="function"><name>sj_parse_array</name></member>
    <member refid="d1/d6a/simple__json__parse_8c_1adb2377e496b086fafe46fa6983b08e1e" kind="function"><name>sj_parse_string</name></member>
    <member refid="d1/d6a/simple__json__parse_8c_1a3806f58f89bba12af2855ccf81bada42" kind="function"><name>overseek_check_fail</name></member>
    <member refid="d1/d6a/simple__json__parse_8c_1ad1512b4b8bb3444fb2be48f75c380442" kind="function"><name>get_next_unescaped_char</name></member>
    <member refid="d1/d6a/simple__json__parse_8c_1a69fd9fa9c4b990951e09fd80f1e00cd8" kind="function"><name>sj_parse_value</name></member>
    <member refid="d1/d6a/simple__json__parse_8c_1a7f8b9027661ac8ba4c2a8834b06f5570" kind="function"><name>sj_parse_buffer</name></member>
  </compound>
  <compound refid="d9/dc8/simple__json__string_8c" kind="file"><name>simple_json_string.c</name>
    <member refid="d9/dc8/simple__json__string_8c_1a5507567114ed0256e77d45c558b6d7cb" kind="function"><name>sj_string_new</name></member>
    <member refid="d9/dc8/simple__json__string_8c_1a19fb85f2c3fecae2deb8978d8aba4724" kind="function"><name>sj_string_new_text</name></member>
    <member refid="d9/dc8/simple__json__string_8c_1acb792583fae4d8f63d8571fc3f26c7c3" kind="function"><name>sj_string_new_integer</name></member>
    <member refid="d9/dc8/simple__json__string_8c_1a8fc2ef9373bab10e48cc9bb482532823" kind="function"><name>sj_string_new_float</name></member>
    <member refid="d9/dc8/simple__json__string_8c_1a97c69e427be23f8aaa436b0ee0dd41e4" kind="function"><name>sj_string_new_bool</name></member>
    <member refid="d9/dc8/simple__json__string_8c_1a353b46786c4eab028ec911ed8cafed2d" kind="function"><name>sj_string_free</name></member>
    <member refid="d9/dc8/simple__json__string_8c_1a7b567767503b42cee4fab510889c6d10" kind="function"><name>sj_string_cmp</name></member>
    <member refid="d9/dc8/simple__json__string_8c_1af5785dd7f372915bb596702f0d7c1908" kind="function"><name>sj_string_set</name></member>
    <member refid="d9/dc8/simple__json__string_8c_1a83d5367b844a08fc03ad69ef22c9114d" kind="function"><name>sj_string_set_limit</name></member>
    <member refid="d9/dc8/simple__json__string_8c_1af2cdb17da5a9e1f666af79a3e3a01201" kind="function"><name>sj_string_value_free</name></member>
    <member refid="d9/dc8/simple__json__string_8c_1afa8f9113feeaaf8787975d50b0b8e998" kind="function"><name>sj_string_value_get_string</name></member>
    <member refid="d9/dc8/simple__json__string_8c_1a5e215e58a920cb76850b314d679f6371" kind="function"><name>sj_string_copy</name></member>
    <member refid="d9/dc8/simple__json__string_8c_1aac7f9dff7a04bf6a7a84dddcd60088ec" kind="function"><name>sj_string_to_value</name></member>
    <member refid="d9/dc8/simple__json__string_8c_1a92598a33ebf9c9c6ee36109b9eac0a7a" kind="function"><name>sj_string_get_text</name></member>
    <member refid="d9/dc8/simple__json__string_8c_1a98eb51563c6501a48e8385ac7638c244" kind="function"><name>sj_string_concat</name></member>
    <member refid="d9/dc8/simple__json__string_8c_1ad594e541b3295d09556a22184c8be97d" kind="function"><name>sj_string_append</name></member>
    <member refid="d9/dc8/simple__json__string_8c_1a399e36877442aa864de7732de1aec2c4" kind="function"><name>sj_string_to_json_string</name></member>
    <member refid="d9/dc8/simple__json__string_8c_1acb68e4dd658ed579266be01ca6e2cfc4" kind="function"><name>sj_string_as_integer</name></member>
    <member refid="d9/dc8/simple__json__string_8c_1a2e0ed36958f2d1c5ef648d777f584a30" kind="function"><name>sj_string_as_float</name></member>
    <member refid="d9/dc8/simple__json__string_8c_1a772abb082e3d8763757881e15d537000" kind="function"><name>sj_string_as_bool</name></member>
  </compound>
  <compound refid="dir_d44c64559bbebec7f509842c48db8b23" kind="dir"><name>/home/djkehoe/git/simple_json/include</name>
  </compound>
  <compound refid="dir_68267d1309a1af8e8297ef4c3efbcdba" kind="dir"><name>/home/djkehoe/git/simple_json/src</name>
  </compound>
</doxygenindex>
