<?xml version='1.0' encoding='UTF-8' standalone='no'?>
<doxygen xmlns:xsi="http://www.w3.org/2001/XMLSchema-instance" xsi:noNamespaceSchemaLocation="compound.xsd" version="1.8.11">
  <compounddef id="d1/d6a/simple__json__parse_8c" kind="file" language="C++">
    <compoundname>simple_json_parse.c</compoundname>
    <includes local="no">stdlib.h</includes>
    <includes local="no">string.h</includes>
    <includes local="no">stdio.h</includes>
    <includes refid="d1/d15/simple__json_8h" local="yes">simple_json.h</includes>
    <includes refid="dd/d32/simple__json__object_8h" local="yes">simple_json_object.h</includes>
    <includes refid="d0/d5f/simple__json__array_8h" local="yes">simple_json_array.h</includes>
    <includes refid="d4/dd1/simple__json__string_8h" local="yes">simple_json_string.h</includes>
    <includes refid="d6/d6f/simple__json__error_8h" local="yes">simple_json_error.h</includes>
    <incdepgraph>
      <node id="294">
        <label>simple_json_array.h</label>
        <link refid="d0/d5f/simple__json__array_8h"/>
        <childnode refid="295" relation="include">
        </childnode>
        <childnode refid="293" relation="include">
        </childnode>
        <childnode refid="296" relation="include">
        </childnode>
      </node>
      <node id="296">
        <label>simple_json_string.h</label>
        <link refid="d4/dd1/simple__json__string_8h"/>
      </node>
      <node id="289">
        <label>stdlib.h</label>
      </node>
      <node id="288">
        <label>/home/djkehoe/git/simple_json/src/simple_json_parse.c</label>
        <link refid="simple_json_parse.c"/>
        <childnode refid="289" relation="include">
        </childnode>
        <childnode refid="290" relation="include">
        </childnode>
        <childnode refid="291" relation="include">
        </childnode>
        <childnode refid="292" relation="include">
        </childnode>
        <childnode refid="297" relation="include">
        </childnode>
        <childnode refid="294" relation="include">
        </childnode>
        <childnode refid="296" relation="include">
        </childnode>
        <childnode refid="298" relation="include">
        </childnode>
      </node>
      <node id="295">
        <label>simple_json_value.h</label>
        <link refid="de/d40/simple__json__value_8h"/>
        <childnode refid="293" relation="include">
        </childnode>
        <childnode refid="296" relation="include">
        </childnode>
      </node>
      <node id="290">
        <label>string.h</label>
      </node>
      <node id="298">
        <label>simple_json_error.h</label>
        <link refid="d6/d6f/simple__json__error_8h"/>
      </node>
      <node id="293">
        <label>simple_json_list.h</label>
        <link refid="d1/d2e/simple__json__list_8h"/>
      </node>
      <node id="297">
        <label>simple_json_object.h</label>
        <link refid="dd/d32/simple__json__object_8h"/>
        <childnode refid="295" relation="include">
        </childnode>
      </node>
      <node id="291">
        <label>stdio.h</label>
      </node>
      <node id="292">
        <label>simple_json.h</label>
        <link refid="d1/d15/simple__json_8h"/>
        <childnode refid="293" relation="include">
        </childnode>
        <childnode refid="294" relation="include">
        </childnode>
        <childnode refid="296" relation="include">
        </childnode>
        <childnode refid="297" relation="include">
        </childnode>
        <childnode refid="298" relation="include">
        </childnode>
      </node>
    </incdepgraph>
    <innerclass refid="d9/dd9/structjsParse" prot="public">jsParse</innerclass>
      <sectiondef kind="func">
      <memberdef kind="function" id="d1/d6a/simple__json__parse_8c_1a3309caae005ce8cec5872e722fe089f9" prot="public" static="no" const="no" explicit="no" inline="no" virt="non-virtual">
        <type><ref refid="de/d40/simple__json__value_8h_1a3aa063084e242f19976eb9578480d4e2" kindref="member">SJson</ref> *</type>
        <definition>SJson * sj_parse_object</definition>
        <argsstring>(jsParse *parse)</argsstring>
        <name>sj_parse_object</name>
        <param>
          <type><ref refid="d9/dd9/structjsParse" kindref="compound">jsParse</ref> *</type>
          <declname>parse</declname>
        </param>
        <briefdescription>
        </briefdescription>
        <detaileddescription>
        </detaileddescription>
        <inbodydescription>
        </inbodydescription>
        <location file="/home/djkehoe/git/simple_json/src/simple_json_parse.c" line="20" column="1" bodyfile="/home/djkehoe/git/simple_json/src/simple_json_parse.c" bodystart="182" bodyend="232"/>
      </memberdef>
      <memberdef kind="function" id="d1/d6a/simple__json__parse_8c_1a8b2b6e8a70469f2cb5a0d94e5b0a6720" prot="public" static="no" const="no" explicit="no" inline="no" virt="non-virtual">
        <type><ref refid="de/d40/simple__json__value_8h_1a3aa063084e242f19976eb9578480d4e2" kindref="member">SJson</ref> *</type>
        <definition>SJson * sj_parse_array</definition>
        <argsstring>(jsParse *parse)</argsstring>
        <name>sj_parse_array</name>
        <param>
          <type><ref refid="d9/dd9/structjsParse" kindref="compound">jsParse</ref> *</type>
          <declname>parse</declname>
        </param>
        <briefdescription>
        </briefdescription>
        <detaileddescription>
        </detaileddescription>
        <inbodydescription>
        </inbodydescription>
        <location file="/home/djkehoe/git/simple_json/src/simple_json_parse.c" line="21" column="1" bodyfile="/home/djkehoe/git/simple_json/src/simple_json_parse.c" bodystart="142" bodyend="180"/>
      </memberdef>
      <memberdef kind="function" id="d1/d6a/simple__json__parse_8c_1adb2377e496b086fafe46fa6983b08e1e" prot="public" static="no" const="no" explicit="no" inline="no" virt="non-virtual">
        <type><ref refid="d4/d1f/structSJString" kindref="compound">SJString</ref> *</type>
        <definition>SJString * sj_parse_string</definition>
        <argsstring>(jsParse *parse)</argsstring>
        <name>sj_parse_string</name>
        <param>
          <type><ref refid="d9/dd9/structjsParse" kindref="compound">jsParse</ref> *</type>
          <declname>parse</declname>
        </param>
        <briefdescription>
        </briefdescription>
        <detaileddescription>
        </detaileddescription>
        <inbodydescription>
        </inbodydescription>
        <location file="/home/djkehoe/git/simple_json/src/simple_json_parse.c" line="22" column="1" bodyfile="/home/djkehoe/git/simple_json/src/simple_json_parse.c" bodystart="50" bodyend="113"/>
      </memberdef>
      <memberdef kind="function" id="d1/d6a/simple__json__parse_8c_1a3806f58f89bba12af2855ccf81bada42" prot="public" static="no" const="no" explicit="no" inline="no" virt="non-virtual">
        <type>int</type>
        <definition>int overseek_check_fail</definition>
        <argsstring>(jsParse *parse)</argsstring>
        <name>overseek_check_fail</name>
        <param>
          <type><ref refid="d9/dd9/structjsParse" kindref="compound">jsParse</ref> *</type>
          <declname>parse</declname>
        </param>
        <briefdescription>
        </briefdescription>
        <detaileddescription>
        </detaileddescription>
        <inbodydescription>
        </inbodydescription>
        <location file="/home/djkehoe/git/simple_json/src/simple_json_parse.c" line="24" column="1" bodyfile="/home/djkehoe/git/simple_json/src/simple_json_parse.c" bodystart="24" bodyend="33"/>
      </memberdef>
      <memberdef kind="function" id="d1/d6a/simple__json__parse_8c_1ad1512b4b8bb3444fb2be48f75c380442" prot="public" static="no" const="no" explicit="no" inline="no" virt="non-virtual">
        <type>char *</type>
        <definition>char* get_next_unescaped_char</definition>
        <argsstring>(char *buffer, char target)</argsstring>
        <name>get_next_unescaped_char</name>
        <param>
          <type>char *</type>
          <declname>buffer</declname>
        </param>
        <param>
          <type>char</type>
          <declname>target</declname>
        </param>
        <briefdescription>
        </briefdescription>
        <detaileddescription>
        </detaileddescription>
        <inbodydescription>
        </inbodydescription>
        <location file="/home/djkehoe/git/simple_json/src/simple_json_parse.c" line="35" column="1" bodyfile="/home/djkehoe/git/simple_json/src/simple_json_parse.c" bodystart="35" bodyend="48"/>
      </memberdef>
      <memberdef kind="function" id="d1/d6a/simple__json__parse_8c_1a69fd9fa9c4b990951e09fd80f1e00cd8" prot="public" static="no" const="no" explicit="no" inline="no" virt="non-virtual">
        <type><ref refid="de/d40/simple__json__value_8h_1a3aa063084e242f19976eb9578480d4e2" kindref="member">SJson</ref> *</type>
        <definition>SJson* sj_parse_value</definition>
        <argsstring>(jsParse *parse)</argsstring>
        <name>sj_parse_value</name>
        <param>
          <type><ref refid="d9/dd9/structjsParse" kindref="compound">jsParse</ref> *</type>
          <declname>parse</declname>
        </param>
        <briefdescription>
        </briefdescription>
        <detaileddescription>
        </detaileddescription>
        <inbodydescription>
        </inbodydescription>
        <location file="/home/djkehoe/git/simple_json/src/simple_json_parse.c" line="115" column="1" bodyfile="/home/djkehoe/git/simple_json/src/simple_json_parse.c" bodystart="115" bodyend="140"/>
      </memberdef>
      <memberdef kind="function" id="d1/d6a/simple__json__parse_8c_1a7f8b9027661ac8ba4c2a8834b06f5570" prot="public" static="no" const="no" explicit="no" inline="no" virt="non-virtual">
        <type><ref refid="de/d40/simple__json__value_8h_1a3aa063084e242f19976eb9578480d4e2" kindref="member">SJson</ref> *</type>
        <definition>SJson* sj_parse_buffer</definition>
        <argsstring>(char *string, unsigned long length)</argsstring>
        <name>sj_parse_buffer</name>
        <param>
          <type>char *</type>
          <declname>string</declname>
        </param>
        <param>
          <type>unsigned long</type>
          <declname>length</declname>
        </param>
        <briefdescription>
<para>given a string, create a JSON object from it </para>        </briefdescription>
        <detaileddescription>
<para><parameterlist kind="param"><parameteritem>
<parameternamelist>
<parametername>string</parametername>
</parameternamelist>
<parameterdescription>
<para>the strong to convert. NO OP if this is NULL </para></parameterdescription>
</parameteritem>
<parameteritem>
<parameternamelist>
<parametername>length</parametername>
</parameternamelist>
<parameterdescription>
<para>the amount of characters in the string </para></parameterdescription>
</parameteritem>
</parameterlist>
<simplesect kind="return"><para>NULL on error or a JSson object otherwise </para></simplesect>
</para>        </detaileddescription>
        <inbodydescription>
        </inbodydescription>
        <location file="/home/djkehoe/git/simple_json/src/simple_json_parse.c" line="234" column="1" bodyfile="/home/djkehoe/git/simple_json/src/simple_json_parse.c" bodystart="234" bodyend="248"/>
      </memberdef>
      </sectiondef>
    <briefdescription>
    </briefdescription>
    <detaileddescription>
    </detaileddescription>
    <programlisting>
<codeline lineno="1"><highlight class="preprocessor">#include<sp/>&lt;stdlib.h&gt;</highlight><highlight class="normal"></highlight></codeline>
<codeline lineno="2"><highlight class="normal"></highlight><highlight class="preprocessor">#include<sp/>&lt;string.h&gt;</highlight><highlight class="normal"></highlight></codeline>
<codeline lineno="3"><highlight class="normal"></highlight><highlight class="preprocessor">#include<sp/>&lt;stdio.h&gt;</highlight><highlight class="normal"></highlight></codeline>
<codeline lineno="4"><highlight class="normal"></highlight><highlight class="preprocessor">#include<sp/>&quot;<ref refid="d1/d15/simple__json_8h" kindref="compound">simple_json.h</ref>&quot;</highlight><highlight class="normal"></highlight></codeline>
<codeline lineno="5"><highlight class="normal"></highlight><highlight class="preprocessor">#include<sp/>&quot;<ref refid="dd/d32/simple__json__object_8h" kindref="compound">simple_json_object.h</ref>&quot;</highlight><highlight class="normal"></highlight></codeline>
<codeline lineno="6"><highlight class="normal"></highlight><highlight class="preprocessor">#include<sp/>&quot;<ref refid="d0/d5f/simple__json__array_8h" kindref="compound">simple_json_array.h</ref>&quot;</highlight><highlight class="normal"></highlight></codeline>
<codeline lineno="7"><highlight class="normal"></highlight><highlight class="preprocessor">#include<sp/>&quot;<ref refid="d4/dd1/simple__json__string_8h" kindref="compound">simple_json_string.h</ref>&quot;</highlight><highlight class="normal"></highlight></codeline>
<codeline lineno="8"><highlight class="normal"></highlight><highlight class="preprocessor">#include<sp/>&quot;<ref refid="d6/d6f/simple__json__error_8h" kindref="compound">simple_json_error.h</ref>&quot;</highlight><highlight class="normal"></highlight></codeline>
<codeline lineno="9"><highlight class="normal"></highlight></codeline>
<codeline lineno="13" refid="d9/dd9/structjsParse" refkind="compound"><highlight class="keyword">typedef</highlight><highlight class="normal"><sp/></highlight><highlight class="keyword">struct</highlight><highlight class="normal"></highlight></codeline>
<codeline lineno="14"><highlight class="normal">{</highlight></codeline>
<codeline lineno="15" refid="d9/dd9/structjsParse_1a9c0b007595634aae8cdb98a7a85b846a" refkind="member"><highlight class="normal"><sp/><sp/><sp/><sp/></highlight><highlight class="keywordtype">char</highlight><highlight class="normal"><sp/>*<ref refid="d9/dd9/structjsParse_1a9c0b007595634aae8cdb98a7a85b846a" kindref="member">buffer</ref>;<sp/><sp/><sp/></highlight></codeline>
<codeline lineno="16" refid="d9/dd9/structjsParse_1ace05b203435af05113a9a4b7c40f0324" refkind="member"><highlight class="normal"><sp/><sp/><sp/><sp/></highlight><highlight class="keywordtype">char</highlight><highlight class="normal"><sp/>*<ref refid="d9/dd9/structjsParse_1ace05b203435af05113a9a4b7c40f0324" kindref="member">position</ref>;<sp/></highlight></codeline>
<codeline lineno="17" refid="d9/dd9/structjsParse_1aa9b5c5a2d56b1753ccadf84c00385fba" refkind="member"><highlight class="normal"><sp/><sp/><sp/><sp/></highlight><highlight class="keywordtype">char</highlight><highlight class="normal"><sp/>*<ref refid="d9/dd9/structjsParse_1aa9b5c5a2d56b1753ccadf84c00385fba" kindref="member">end</ref>;<sp/><sp/><sp/><sp/><sp/><sp/></highlight></codeline>
<codeline lineno="18"><highlight class="normal">}<ref refid="d9/dd9/structjsParse" kindref="compound">jsParse</ref>;</highlight></codeline>
<codeline lineno="19"><highlight class="normal"></highlight></codeline>
<codeline lineno="20"><highlight class="normal"><ref refid="d9/dca/structSJson__S" kindref="compound">SJson</ref><sp/>*<ref refid="d1/d6a/simple__json__parse_8c_1a3309caae005ce8cec5872e722fe089f9" kindref="member">sj_parse_object</ref>(<ref refid="d9/dd9/structjsParse" kindref="compound">jsParse</ref><sp/>*parse);</highlight></codeline>
<codeline lineno="21"><highlight class="normal"><ref refid="d9/dca/structSJson__S" kindref="compound">SJson</ref><sp/>*<ref refid="d1/d6a/simple__json__parse_8c_1a8b2b6e8a70469f2cb5a0d94e5b0a6720" kindref="member">sj_parse_array</ref>(<ref refid="d9/dd9/structjsParse" kindref="compound">jsParse</ref><sp/>*parse);</highlight></codeline>
<codeline lineno="22"><highlight class="normal"><ref refid="d4/d1f/structSJString" kindref="compound">SJString</ref><sp/>*<ref refid="d1/d6a/simple__json__parse_8c_1adb2377e496b086fafe46fa6983b08e1e" kindref="member">sj_parse_string</ref>(<ref refid="d9/dd9/structjsParse" kindref="compound">jsParse</ref><sp/>*parse);</highlight></codeline>
<codeline lineno="23"><highlight class="normal"></highlight></codeline>
<codeline lineno="24" refid="d1/d6a/simple__json__parse_8c_1a3806f58f89bba12af2855ccf81bada42" refkind="member"><highlight class="normal"></highlight><highlight class="keywordtype">int</highlight><highlight class="normal"><sp/><ref refid="d1/d6a/simple__json__parse_8c_1a3806f58f89bba12af2855ccf81bada42" kindref="member">overseek_check_fail</ref>(<ref refid="d9/dd9/structjsParse" kindref="compound">jsParse</ref><sp/>*parse)</highlight></codeline>
<codeline lineno="25"><highlight class="normal">{</highlight></codeline>
<codeline lineno="26"><highlight class="normal"><sp/><sp/><sp/><sp/></highlight><highlight class="keywordflow">if</highlight><highlight class="normal"><sp/>(!parse)</highlight><highlight class="keywordflow">return</highlight><highlight class="normal"><sp/>1;</highlight></codeline>
<codeline lineno="27"><highlight class="normal"><sp/><sp/><sp/><sp/></highlight><highlight class="keywordflow">if</highlight><highlight class="normal"><sp/>(parse-&gt;<ref refid="d9/dd9/structjsParse_1ace05b203435af05113a9a4b7c40f0324" kindref="member">position</ref><sp/>&gt;=<sp/>parse-&gt;<ref refid="d9/dd9/structjsParse_1aa9b5c5a2d56b1753ccadf84c00385fba" kindref="member">end</ref>)</highlight></codeline>
<codeline lineno="28"><highlight class="normal"><sp/><sp/><sp/><sp/>{</highlight></codeline>
<codeline lineno="29"><highlight class="normal"><sp/><sp/><sp/><sp/><sp/><sp/><sp/><sp/>printf(</highlight><highlight class="stringliteral">&quot;we<sp/>have<sp/>parsed<sp/>too<sp/>far&quot;</highlight><highlight class="normal">);</highlight></codeline>
<codeline lineno="30"><highlight class="normal"><sp/><sp/><sp/><sp/><sp/><sp/><sp/><sp/></highlight><highlight class="keywordflow">return</highlight><highlight class="normal"><sp/>1;</highlight></codeline>
<codeline lineno="31"><highlight class="normal"><sp/><sp/><sp/><sp/>}</highlight></codeline>
<codeline lineno="32"><highlight class="normal"><sp/><sp/><sp/><sp/></highlight><highlight class="keywordflow">return</highlight><highlight class="normal"><sp/>0;</highlight></codeline>
<codeline lineno="33"><highlight class="normal">}</highlight></codeline>
<codeline lineno="34"><highlight class="normal"></highlight></codeline>
<codeline lineno="35" refid="d1/d6a/simple__json__parse_8c_1ad1512b4b8bb3444fb2be48f75c380442" refkind="member"><highlight class="normal"></highlight><highlight class="keywordtype">char</highlight><highlight class="normal"><sp/>*<ref refid="d1/d6a/simple__json__parse_8c_1ad1512b4b8bb3444fb2be48f75c380442" kindref="member">get_next_unescaped_char</ref>(</highlight><highlight class="keywordtype">char</highlight><highlight class="normal"><sp/>*buffer,<sp/></highlight><highlight class="keywordtype">char</highlight><highlight class="normal"><sp/>target)</highlight></codeline>
<codeline lineno="36"><highlight class="normal">{</highlight></codeline>
<codeline lineno="37"><highlight class="normal"><sp/><sp/><sp/><sp/></highlight><highlight class="keywordflow">if</highlight><highlight class="normal"><sp/>(!buffer)</highlight><highlight class="keywordflow">return</highlight><highlight class="normal"><sp/>NULL;</highlight></codeline>
<codeline lineno="38"><highlight class="normal"><sp/><sp/><sp/><sp/></highlight><highlight class="keywordflow">if</highlight><highlight class="normal"><sp/>(buffer[0]<sp/>==<sp/>target)</highlight><highlight class="keywordflow">return</highlight><highlight class="normal"><sp/>buffer;</highlight></codeline>
<codeline lineno="39"><highlight class="normal"><sp/><sp/><sp/><sp/></highlight><highlight class="keywordflow">while</highlight><highlight class="normal"><sp/>((buffer[0]<sp/>!=<sp/></highlight><highlight class="charliteral">&apos;\0&apos;</highlight><highlight class="normal">)&amp;&amp;(buffer[1]<sp/>!=<sp/></highlight><highlight class="charliteral">&apos;\0&apos;</highlight><highlight class="normal">))</highlight></codeline>
<codeline lineno="40"><highlight class="normal"><sp/><sp/><sp/><sp/>{</highlight></codeline>
<codeline lineno="41"><highlight class="normal"><sp/><sp/><sp/><sp/><sp/><sp/><sp/><sp/></highlight><highlight class="keywordflow">if</highlight><highlight class="normal"><sp/>((buffer[0]<sp/>!=<sp/></highlight><highlight class="charliteral">&apos;\\&apos;</highlight><highlight class="normal">)&amp;&amp;(buffer[1]<sp/>==<sp/>target))</highlight></codeline>
<codeline lineno="42"><highlight class="normal"><sp/><sp/><sp/><sp/><sp/><sp/><sp/><sp/>{</highlight></codeline>
<codeline lineno="43"><highlight class="normal"><sp/><sp/><sp/><sp/><sp/><sp/><sp/><sp/><sp/><sp/><sp/><sp/></highlight><highlight class="keywordflow">return</highlight><highlight class="normal"><sp/>++buffer;</highlight></codeline>
<codeline lineno="44"><highlight class="normal"><sp/><sp/><sp/><sp/><sp/><sp/><sp/><sp/>}</highlight></codeline>
<codeline lineno="45"><highlight class="normal"><sp/><sp/><sp/><sp/><sp/><sp/><sp/><sp/>buffer++;</highlight></codeline>
<codeline lineno="46"><highlight class="normal"><sp/><sp/><sp/><sp/>}</highlight></codeline>
<codeline lineno="47"><highlight class="normal"><sp/><sp/><sp/><sp/></highlight><highlight class="keywordflow">return</highlight><highlight class="normal"><sp/>NULL;</highlight></codeline>
<codeline lineno="48"><highlight class="normal">}</highlight></codeline>
<codeline lineno="49"><highlight class="normal"></highlight></codeline>
<codeline lineno="50" refid="d1/d6a/simple__json__parse_8c_1adb2377e496b086fafe46fa6983b08e1e" refkind="member"><highlight class="normal"><ref refid="d4/d1f/structSJString" kindref="compound">SJString</ref><sp/>*<ref refid="d1/d6a/simple__json__parse_8c_1adb2377e496b086fafe46fa6983b08e1e" kindref="member">sj_parse_string</ref>(<ref refid="d9/dd9/structjsParse" kindref="compound">jsParse</ref><sp/>*parse)</highlight></codeline>
<codeline lineno="51"><highlight class="normal">{</highlight></codeline>
<codeline lineno="52"><highlight class="normal"><sp/><sp/><sp/><sp/></highlight><highlight class="keywordtype">char</highlight><highlight class="normal"><sp/>*p,*p1,*p2,*p3;</highlight></codeline>
<codeline lineno="53"><highlight class="normal"><sp/><sp/><sp/><sp/></highlight><highlight class="keywordtype">size_t</highlight><highlight class="normal"><sp/>str_length;</highlight></codeline>
<codeline lineno="54"><highlight class="normal"><sp/><sp/><sp/><sp/><ref refid="d4/d1f/structSJString" kindref="compound">SJString</ref><sp/>*<ref refid="d9/dca/structSJson__S_1ab50f7c395b214eb050ff59e3a9bbeb4a" kindref="member">string</ref>;</highlight></codeline>
<codeline lineno="55"><highlight class="normal"><sp/><sp/><sp/><sp/></highlight><highlight class="keywordtype">int</highlight><highlight class="normal"><sp/>quoted<sp/>=<sp/>0;</highlight></codeline>
<codeline lineno="56"><highlight class="normal"><sp/><sp/><sp/><sp/></highlight><highlight class="keywordflow">if</highlight><highlight class="normal"><sp/>(!parse)</highlight><highlight class="keywordflow">return</highlight><highlight class="normal"><sp/>NULL;</highlight></codeline>
<codeline lineno="57"><highlight class="normal"><sp/><sp/><sp/><sp/></highlight><highlight class="comment">//<sp/>validate<sp/>we<sp/>are<sp/>an<sp/>object</highlight><highlight class="normal"></highlight></codeline>
<codeline lineno="58"><highlight class="normal"><sp/><sp/><sp/><sp/></highlight><highlight class="keywordflow">if</highlight><highlight class="normal"><sp/>(<ref refid="d1/d6a/simple__json__parse_8c_1a3806f58f89bba12af2855ccf81bada42" kindref="member">overseek_check_fail</ref>(parse))</highlight><highlight class="keywordflow">return</highlight><highlight class="normal"><sp/>NULL;</highlight></codeline>
<codeline lineno="59"><highlight class="normal"><sp/><sp/><sp/><sp/></highlight></codeline>
<codeline lineno="60"><highlight class="normal"><sp/><sp/><sp/><sp/></highlight><highlight class="keywordtype">string</highlight><highlight class="normal"><sp/>=<sp/><ref refid="d9/dc8/simple__json__string_8c_1a5507567114ed0256e77d45c558b6d7cb" kindref="member">sj_string_new</ref>();</highlight></codeline>
<codeline lineno="61"><highlight class="normal"><sp/><sp/><sp/><sp/></highlight><highlight class="keywordflow">if</highlight><highlight class="normal"><sp/>(!</highlight><highlight class="keywordtype">string</highlight><highlight class="normal">)</highlight></codeline>
<codeline lineno="62"><highlight class="normal"><sp/><sp/><sp/><sp/>{</highlight></codeline>
<codeline lineno="63"><highlight class="normal"><sp/><sp/><sp/><sp/><sp/><sp/><sp/><sp/></highlight><highlight class="keywordflow">return</highlight><highlight class="normal"><sp/>NULL;</highlight></codeline>
<codeline lineno="64"><highlight class="normal"><sp/><sp/><sp/><sp/>}</highlight></codeline>
<codeline lineno="65"><highlight class="normal"><sp/><sp/><sp/><sp/></highlight><highlight class="keywordflow">if</highlight><highlight class="normal"><sp/>(*parse-&gt;<ref refid="d9/dd9/structjsParse_1ace05b203435af05113a9a4b7c40f0324" kindref="member">position</ref><sp/>==<sp/></highlight><highlight class="charliteral">&apos;&quot;&apos;</highlight><highlight class="normal">)</highlight></codeline>
<codeline lineno="66"><highlight class="normal"><sp/><sp/><sp/><sp/>{</highlight></codeline>
<codeline lineno="67"><highlight class="normal"><sp/><sp/><sp/><sp/><sp/><sp/><sp/><sp/></highlight><highlight class="comment">//chomp<sp/>quote<sp/>character</highlight><highlight class="normal"></highlight></codeline>
<codeline lineno="68"><highlight class="normal"><sp/><sp/><sp/><sp/><sp/><sp/><sp/><sp/>quoted<sp/>=<sp/>1;</highlight></codeline>
<codeline lineno="69"><highlight class="normal"><sp/><sp/><sp/><sp/><sp/><sp/><sp/><sp/>parse-&gt;<ref refid="d9/dd9/structjsParse_1ace05b203435af05113a9a4b7c40f0324" kindref="member">position</ref>++;</highlight></codeline>
<codeline lineno="70"><highlight class="normal"><sp/><sp/><sp/><sp/>}</highlight></codeline>
<codeline lineno="71"><highlight class="normal"><sp/><sp/><sp/><sp/></highlight><highlight class="keywordflow">if</highlight><highlight class="normal"><sp/>(quoted)</highlight></codeline>
<codeline lineno="72"><highlight class="normal"><sp/><sp/><sp/><sp/>{</highlight></codeline>
<codeline lineno="73"><highlight class="normal"><sp/><sp/><sp/><sp/><sp/><sp/><sp/><sp/>p<sp/>=<sp/><ref refid="d1/d6a/simple__json__parse_8c_1ad1512b4b8bb3444fb2be48f75c380442" kindref="member">get_next_unescaped_char</ref>(parse-&gt;<ref refid="d9/dd9/structjsParse_1ace05b203435af05113a9a4b7c40f0324" kindref="member">position</ref>,<sp/></highlight><highlight class="charliteral">&apos;&quot;&apos;</highlight><highlight class="normal">);</highlight></codeline>
<codeline lineno="74"><highlight class="normal"><sp/><sp/><sp/><sp/>}</highlight></codeline>
<codeline lineno="75"><highlight class="normal"><sp/><sp/><sp/><sp/></highlight><highlight class="keywordflow">else</highlight><highlight class="normal"></highlight></codeline>
<codeline lineno="76"><highlight class="normal"><sp/><sp/><sp/><sp/>{</highlight></codeline>
<codeline lineno="77"><highlight class="normal"><sp/><sp/><sp/><sp/><sp/><sp/><sp/><sp/>p<sp/>=<sp/><ref refid="d1/d6a/simple__json__parse_8c_1ad1512b4b8bb3444fb2be48f75c380442" kindref="member">get_next_unescaped_char</ref>(parse-&gt;<ref refid="d9/dd9/structjsParse_1ace05b203435af05113a9a4b7c40f0324" kindref="member">position</ref>,<sp/></highlight><highlight class="charliteral">&apos;,&apos;</highlight><highlight class="normal">);</highlight></codeline>
<codeline lineno="78"><highlight class="normal"><sp/><sp/><sp/><sp/><sp/><sp/><sp/><sp/>p1<sp/>=<sp/><ref refid="d1/d6a/simple__json__parse_8c_1ad1512b4b8bb3444fb2be48f75c380442" kindref="member">get_next_unescaped_char</ref>(parse-&gt;<ref refid="d9/dd9/structjsParse_1ace05b203435af05113a9a4b7c40f0324" kindref="member">position</ref>,<sp/></highlight><highlight class="charliteral">&apos;]&apos;</highlight><highlight class="normal">);</highlight></codeline>
<codeline lineno="79"><highlight class="normal"><sp/><sp/><sp/><sp/><sp/><sp/><sp/><sp/>p2<sp/>=<sp/><ref refid="d1/d6a/simple__json__parse_8c_1ad1512b4b8bb3444fb2be48f75c380442" kindref="member">get_next_unescaped_char</ref>(parse-&gt;<ref refid="d9/dd9/structjsParse_1ace05b203435af05113a9a4b7c40f0324" kindref="member">position</ref>,<sp/></highlight><highlight class="charliteral">&apos;}&apos;</highlight><highlight class="normal">);</highlight></codeline>
<codeline lineno="80"><highlight class="normal"><sp/><sp/><sp/><sp/><sp/><sp/><sp/><sp/>p3<sp/>=<sp/><ref refid="d1/d6a/simple__json__parse_8c_1ad1512b4b8bb3444fb2be48f75c380442" kindref="member">get_next_unescaped_char</ref>(parse-&gt;<ref refid="d9/dd9/structjsParse_1ace05b203435af05113a9a4b7c40f0324" kindref="member">position</ref>,<sp/></highlight><highlight class="charliteral">&apos;:&apos;</highlight><highlight class="normal">);</highlight></codeline>
<codeline lineno="81"><highlight class="normal"><sp/><sp/><sp/><sp/><sp/><sp/><sp/><sp/></highlight><highlight class="keywordflow">if</highlight><highlight class="normal"><sp/>(p<sp/>!=<sp/>NULL)</highlight></codeline>
<codeline lineno="82"><highlight class="normal"><sp/><sp/><sp/><sp/><sp/><sp/><sp/><sp/>{</highlight></codeline>
<codeline lineno="83"><highlight class="normal"><sp/><sp/><sp/><sp/><sp/><sp/><sp/><sp/><sp/><sp/><sp/><sp/></highlight><highlight class="keywordflow">if</highlight><highlight class="normal"><sp/>(p2<sp/>!=<sp/>NULL)p<sp/>=<sp/><ref refid="d6/d6f/simple__json__error_8h_1a3acffbd305ee72dcd4593c0d8af64a4f" kindref="member">MIN</ref>(p,p2);</highlight></codeline>
<codeline lineno="84"><highlight class="normal"><sp/><sp/><sp/><sp/><sp/><sp/><sp/><sp/>}</highlight></codeline>
<codeline lineno="85"><highlight class="normal"><sp/><sp/><sp/><sp/><sp/><sp/><sp/><sp/></highlight><highlight class="keywordflow">else</highlight><highlight class="normal"><sp/>p<sp/>=<sp/>p2;</highlight></codeline>
<codeline lineno="86"><highlight class="normal"><sp/><sp/><sp/><sp/><sp/><sp/><sp/><sp/></highlight><highlight class="keywordflow">if</highlight><highlight class="normal"><sp/>(p1<sp/>!=<sp/>NULL)</highlight></codeline>
<codeline lineno="87"><highlight class="normal"><sp/><sp/><sp/><sp/><sp/><sp/><sp/><sp/>{</highlight></codeline>
<codeline lineno="88"><highlight class="normal"><sp/><sp/><sp/><sp/><sp/><sp/><sp/><sp/><sp/><sp/><sp/><sp/></highlight><highlight class="keywordflow">if</highlight><highlight class="normal"><sp/>(p3<sp/>!=<sp/>NULL)p1<sp/>=<sp/><ref refid="d6/d6f/simple__json__error_8h_1a3acffbd305ee72dcd4593c0d8af64a4f" kindref="member">MIN</ref>(p1,p3);</highlight></codeline>
<codeline lineno="89"><highlight class="normal"><sp/><sp/><sp/><sp/><sp/><sp/><sp/><sp/>}</highlight></codeline>
<codeline lineno="90"><highlight class="normal"><sp/><sp/><sp/><sp/><sp/><sp/><sp/><sp/></highlight><highlight class="keywordflow">else</highlight><highlight class="normal"><sp/>p1<sp/>=<sp/>p3;</highlight></codeline>
<codeline lineno="91"><highlight class="normal"><sp/><sp/><sp/><sp/><sp/><sp/><sp/><sp/></highlight><highlight class="keywordflow">if</highlight><highlight class="normal"><sp/>(p<sp/>!=<sp/>NULL)</highlight></codeline>
<codeline lineno="92"><highlight class="normal"><sp/><sp/><sp/><sp/><sp/><sp/><sp/><sp/>{</highlight></codeline>
<codeline lineno="93"><highlight class="normal"><sp/><sp/><sp/><sp/><sp/><sp/><sp/><sp/><sp/><sp/><sp/><sp/></highlight><highlight class="keywordflow">if</highlight><highlight class="normal"><sp/>(p1<sp/>!=<sp/>NULL)p<sp/>=<sp/><ref refid="d6/d6f/simple__json__error_8h_1a3acffbd305ee72dcd4593c0d8af64a4f" kindref="member">MIN</ref>(p,p1);</highlight></codeline>
<codeline lineno="94"><highlight class="normal"><sp/><sp/><sp/><sp/><sp/><sp/><sp/><sp/>}</highlight></codeline>
<codeline lineno="95"><highlight class="normal"><sp/><sp/><sp/><sp/><sp/><sp/><sp/><sp/></highlight><highlight class="keywordflow">else</highlight><highlight class="normal"><sp/>p<sp/>=<sp/>p1;</highlight></codeline>
<codeline lineno="96"><highlight class="normal"><sp/><sp/><sp/><sp/>}</highlight></codeline>
<codeline lineno="97"><highlight class="normal"><sp/><sp/><sp/><sp/></highlight><highlight class="keywordflow">if</highlight><highlight class="normal"><sp/>(p<sp/>==<sp/>NULL)</highlight></codeline>
<codeline lineno="98"><highlight class="normal"><sp/><sp/><sp/><sp/>{</highlight></codeline>
<codeline lineno="99"><highlight class="normal"><sp/><sp/><sp/><sp/><sp/><sp/><sp/><sp/><ref refid="d8/d02/simple__json__error_8c_1ae0819d6f58f423e5d26ea66df15de81c" kindref="member">sj_set_error</ref>(</highlight><highlight class="stringliteral">&quot;sj_parse_string:<sp/>no<sp/>end<sp/>delimeter&quot;</highlight><highlight class="normal">);</highlight></codeline>
<codeline lineno="100"><highlight class="normal"><sp/><sp/><sp/><sp/><sp/><sp/><sp/><sp/><ref refid="d9/dc8/simple__json__string_8c_1a353b46786c4eab028ec911ed8cafed2d" kindref="member">sj_string_free</ref>(</highlight><highlight class="keywordtype">string</highlight><highlight class="normal">);</highlight></codeline>
<codeline lineno="101"><highlight class="normal"><sp/><sp/><sp/><sp/><sp/><sp/><sp/><sp/></highlight><highlight class="keywordflow">return</highlight><highlight class="normal"><sp/>NULL;</highlight></codeline>
<codeline lineno="102"><highlight class="normal"><sp/><sp/><sp/><sp/>}</highlight></codeline>
<codeline lineno="103"><highlight class="normal"><sp/><sp/><sp/><sp/>str_length<sp/>=<sp/>p<sp/>-<sp/>parse-&gt;<ref refid="d9/dd9/structjsParse_1ace05b203435af05113a9a4b7c40f0324" kindref="member">position</ref>;</highlight></codeline>
<codeline lineno="104"><highlight class="normal"><sp/><sp/><sp/><sp/></highlight><highlight class="keywordflow">if</highlight><highlight class="normal"><sp/>(str_length<sp/>&lt;=<sp/>0)</highlight></codeline>
<codeline lineno="105"><highlight class="normal"><sp/><sp/><sp/><sp/>{</highlight></codeline>
<codeline lineno="106"><highlight class="normal"><sp/><sp/><sp/><sp/><sp/><sp/><sp/><sp/><ref refid="d8/d02/simple__json__error_8c_1ae0819d6f58f423e5d26ea66df15de81c" kindref="member">sj_set_error</ref>(</highlight><highlight class="stringliteral">&quot;sj_parse_string:<sp/>string<sp/>is<sp/>a<sp/>zero<sp/>or<sp/>negative<sp/>length&quot;</highlight><highlight class="normal">);</highlight></codeline>
<codeline lineno="107"><highlight class="normal"><sp/><sp/><sp/><sp/><sp/><sp/><sp/><sp/><ref refid="d9/dc8/simple__json__string_8c_1a353b46786c4eab028ec911ed8cafed2d" kindref="member">sj_string_free</ref>(</highlight><highlight class="keywordtype">string</highlight><highlight class="normal">);</highlight></codeline>
<codeline lineno="108"><highlight class="normal"><sp/><sp/><sp/><sp/><sp/><sp/><sp/><sp/></highlight><highlight class="keywordflow">return</highlight><highlight class="normal"><sp/>NULL;</highlight></codeline>
<codeline lineno="109"><highlight class="normal"><sp/><sp/><sp/><sp/>}</highlight></codeline>
<codeline lineno="110"><highlight class="normal"><sp/><sp/><sp/><sp/><ref refid="d9/dc8/simple__json__string_8c_1a83d5367b844a08fc03ad69ef22c9114d" kindref="member">sj_string_set_limit</ref>(</highlight><highlight class="keywordtype">string</highlight><highlight class="normal">,parse-&gt;<ref refid="d9/dd9/structjsParse_1ace05b203435af05113a9a4b7c40f0324" kindref="member">position</ref>,str_length);</highlight></codeline>
<codeline lineno="111"><highlight class="normal"><sp/><sp/><sp/><sp/>parse-&gt;<ref refid="d9/dd9/structjsParse_1ace05b203435af05113a9a4b7c40f0324" kindref="member">position</ref><sp/>=<sp/>p<sp/>+<sp/>quoted;</highlight></codeline>
<codeline lineno="112"><highlight class="normal"><sp/><sp/><sp/><sp/></highlight><highlight class="keywordflow">return</highlight><highlight class="normal"><sp/><ref refid="d9/dca/structSJson__S_1ab50f7c395b214eb050ff59e3a9bbeb4a" kindref="member">string</ref>;</highlight></codeline>
<codeline lineno="113"><highlight class="normal">}</highlight></codeline>
<codeline lineno="114"><highlight class="normal"></highlight></codeline>
<codeline lineno="115" refid="d1/d6a/simple__json__parse_8c_1a69fd9fa9c4b990951e09fd80f1e00cd8" refkind="member"><highlight class="normal"><ref refid="d9/dca/structSJson__S" kindref="compound">SJson</ref><sp/>*<ref refid="d1/d6a/simple__json__parse_8c_1a69fd9fa9c4b990951e09fd80f1e00cd8" kindref="member">sj_parse_value</ref>(<ref refid="d9/dd9/structjsParse" kindref="compound">jsParse</ref><sp/>*parse)</highlight></codeline>
<codeline lineno="116"><highlight class="normal">{</highlight></codeline>
<codeline lineno="117"><highlight class="normal"><sp/><sp/><sp/><sp/><ref refid="d4/d1f/structSJString" kindref="compound">SJString</ref><sp/>*<ref refid="d9/dca/structSJson__S_1ab50f7c395b214eb050ff59e3a9bbeb4a" kindref="member">string</ref>;</highlight></codeline>
<codeline lineno="118"><highlight class="normal"><sp/><sp/><sp/><sp/></highlight><highlight class="keywordflow">if</highlight><highlight class="normal"><sp/>(<ref refid="d1/d6a/simple__json__parse_8c_1a3806f58f89bba12af2855ccf81bada42" kindref="member">overseek_check_fail</ref>(parse))</highlight><highlight class="keywordflow">return</highlight><highlight class="normal"><sp/>NULL;</highlight></codeline>
<codeline lineno="119"><highlight class="normal"><sp/><sp/><sp/><sp/></highlight><highlight class="keywordflow">if</highlight><highlight class="normal"><sp/>(strncmp(parse-&gt;<ref refid="d9/dd9/structjsParse_1ace05b203435af05113a9a4b7c40f0324" kindref="member">position</ref>,</highlight><highlight class="stringliteral">&quot;null&quot;</highlight><highlight class="normal">,4)==0)</highlight></codeline>
<codeline lineno="120"><highlight class="normal"><sp/><sp/><sp/><sp/>{</highlight></codeline>
<codeline lineno="121"><highlight class="normal"><sp/><sp/><sp/><sp/><sp/><sp/><sp/><sp/></highlight><highlight class="keywordflow">switch</highlight><highlight class="normal"><sp/>(parse-&gt;<ref refid="d9/dd9/structjsParse_1ace05b203435af05113a9a4b7c40f0324" kindref="member">position</ref>[4])</highlight></codeline>
<codeline lineno="122"><highlight class="normal"><sp/><sp/><sp/><sp/><sp/><sp/><sp/><sp/>{</highlight></codeline>
<codeline lineno="123"><highlight class="normal"><sp/><sp/><sp/><sp/><sp/><sp/><sp/><sp/><sp/><sp/><sp/><sp/></highlight><highlight class="keywordflow">case</highlight><highlight class="normal"><sp/></highlight><highlight class="charliteral">&apos;,&apos;</highlight><highlight class="normal">:</highlight><highlight class="comment">//<sp/>NULL<sp/>value<sp/>in<sp/>an<sp/>array</highlight><highlight class="normal"></highlight></codeline>
<codeline lineno="124"><highlight class="normal"><sp/><sp/><sp/><sp/><sp/><sp/><sp/><sp/><sp/><sp/><sp/><sp/></highlight><highlight class="keywordflow">case</highlight><highlight class="normal"><sp/></highlight><highlight class="charliteral">&apos;]&apos;</highlight><highlight class="normal">:</highlight><highlight class="comment">//<sp/>NULL<sp/>value<sp/>as<sp/>the<sp/>last<sp/>value<sp/>for<sp/>an<sp/>array</highlight><highlight class="normal"></highlight></codeline>
<codeline lineno="125"><highlight class="normal"><sp/><sp/><sp/><sp/><sp/><sp/><sp/><sp/><sp/><sp/><sp/><sp/></highlight><highlight class="keywordflow">case</highlight><highlight class="normal"><sp/></highlight><highlight class="charliteral">&apos;}&apos;</highlight><highlight class="normal">:</highlight><highlight class="comment">//<sp/>NULL<sp/>value<sp/>as<sp/>the<sp/>last<sp/>value<sp/>for<sp/>an<sp/>object</highlight><highlight class="normal"></highlight></codeline>
<codeline lineno="126"><highlight class="normal"><sp/><sp/><sp/><sp/><sp/><sp/><sp/><sp/><sp/><sp/><sp/><sp/><sp/><sp/><sp/><sp/>parse-&gt;<ref refid="d9/dd9/structjsParse_1ace05b203435af05113a9a4b7c40f0324" kindref="member">position</ref>+=4;</highlight></codeline>
<codeline lineno="127"><highlight class="normal"><sp/><sp/><sp/><sp/><sp/><sp/><sp/><sp/><sp/><sp/><sp/><sp/><sp/><sp/><sp/><sp/></highlight><highlight class="keywordflow">return</highlight><highlight class="normal"><sp/><ref refid="df/d03/simple__json_8c_1a827e3349a5de45c6e1d92efb21c867e2" kindref="member">sj_null_new</ref>();</highlight></codeline>
<codeline lineno="128"><highlight class="normal"><sp/><sp/><sp/><sp/><sp/><sp/><sp/><sp/>}</highlight></codeline>
<codeline lineno="129"><highlight class="normal"><sp/><sp/><sp/><sp/>}</highlight></codeline>
<codeline lineno="130"><highlight class="normal"><sp/><sp/><sp/><sp/></highlight><highlight class="keywordflow">switch</highlight><highlight class="normal"><sp/>(*parse-&gt;<ref refid="d9/dd9/structjsParse_1ace05b203435af05113a9a4b7c40f0324" kindref="member">position</ref>)</highlight></codeline>
<codeline lineno="131"><highlight class="normal"><sp/><sp/><sp/><sp/>{</highlight></codeline>
<codeline lineno="132"><highlight class="normal"><sp/><sp/><sp/><sp/><sp/><sp/><sp/><sp/></highlight><highlight class="keywordflow">case</highlight><highlight class="normal"><sp/></highlight><highlight class="charliteral">&apos;{&apos;</highlight><highlight class="normal">:</highlight></codeline>
<codeline lineno="133"><highlight class="normal"><sp/><sp/><sp/><sp/><sp/><sp/><sp/><sp/><sp/><sp/><sp/><sp/></highlight><highlight class="keywordflow">return</highlight><highlight class="normal"><sp/><ref refid="d1/d6a/simple__json__parse_8c_1a3309caae005ce8cec5872e722fe089f9" kindref="member">sj_parse_object</ref>(parse);</highlight></codeline>
<codeline lineno="134"><highlight class="normal"><sp/><sp/><sp/><sp/><sp/><sp/><sp/><sp/></highlight><highlight class="keywordflow">case</highlight><highlight class="normal"><sp/></highlight><highlight class="charliteral">&apos;[&apos;</highlight><highlight class="normal">:</highlight></codeline>
<codeline lineno="135"><highlight class="normal"><sp/><sp/><sp/><sp/><sp/><sp/><sp/><sp/><sp/><sp/><sp/><sp/></highlight><highlight class="keywordflow">return</highlight><highlight class="normal"><sp/><ref refid="d1/d6a/simple__json__parse_8c_1a8b2b6e8a70469f2cb5a0d94e5b0a6720" kindref="member">sj_parse_array</ref>(parse);</highlight></codeline>
<codeline lineno="136"><highlight class="normal"><sp/><sp/><sp/><sp/>}</highlight></codeline>
<codeline lineno="137"><highlight class="normal"><sp/><sp/><sp/><sp/></highlight><highlight class="keywordtype">string</highlight><highlight class="normal"><sp/>=<sp/><ref refid="d1/d6a/simple__json__parse_8c_1adb2377e496b086fafe46fa6983b08e1e" kindref="member">sj_parse_string</ref>(parse);</highlight></codeline>
<codeline lineno="138"><highlight class="normal"><sp/><sp/><sp/><sp/></highlight><highlight class="keywordflow">if</highlight><highlight class="normal"><sp/>(</highlight><highlight class="keywordtype">string</highlight><highlight class="normal"><sp/>==<sp/>NULL)</highlight><highlight class="keywordflow">return</highlight><highlight class="normal"><sp/>NULL;</highlight></codeline>
<codeline lineno="139"><highlight class="normal"><sp/><sp/><sp/><sp/></highlight><highlight class="keywordflow">return</highlight><highlight class="normal"><sp/><ref refid="d9/dc8/simple__json__string_8c_1aac7f9dff7a04bf6a7a84dddcd60088ec" kindref="member">sj_string_to_value</ref>(</highlight><highlight class="keywordtype">string</highlight><highlight class="normal">);</highlight></codeline>
<codeline lineno="140"><highlight class="normal">}</highlight></codeline>
<codeline lineno="141"><highlight class="normal"></highlight></codeline>
<codeline lineno="142" refid="d1/d6a/simple__json__parse_8c_1a8b2b6e8a70469f2cb5a0d94e5b0a6720" refkind="member"><highlight class="normal"><ref refid="d9/dca/structSJson__S" kindref="compound">SJson</ref><sp/>*<ref refid="d1/d6a/simple__json__parse_8c_1a8b2b6e8a70469f2cb5a0d94e5b0a6720" kindref="member">sj_parse_array</ref>(<ref refid="d9/dd9/structjsParse" kindref="compound">jsParse</ref><sp/>*parse)</highlight></codeline>
<codeline lineno="143"><highlight class="normal">{</highlight></codeline>
<codeline lineno="144"><highlight class="normal"><sp/><sp/><sp/><sp/><ref refid="d9/dca/structSJson__S" kindref="compound">SJson</ref><sp/>*json<sp/>=<sp/>NULL;</highlight></codeline>
<codeline lineno="145"><highlight class="normal"><sp/><sp/><sp/><sp/><ref refid="d9/dca/structSJson__S" kindref="compound">SJson</ref><sp/>*value<sp/>=<sp/>NULL;</highlight></codeline>
<codeline lineno="146"><highlight class="normal"><sp/><sp/><sp/><sp/></highlight><highlight class="keywordflow">if</highlight><highlight class="normal"><sp/>(!parse)</highlight><highlight class="keywordflow">return</highlight><highlight class="normal"><sp/>NULL;</highlight></codeline>
<codeline lineno="147"><highlight class="normal"><sp/><sp/><sp/><sp/></highlight><highlight class="comment">//<sp/>validate<sp/>we<sp/>are<sp/>an<sp/>object</highlight><highlight class="normal"></highlight></codeline>
<codeline lineno="148"><highlight class="normal"><sp/><sp/><sp/><sp/></highlight><highlight class="keywordflow">if</highlight><highlight class="normal"><sp/>(*parse-&gt;<ref refid="d9/dd9/structjsParse_1ace05b203435af05113a9a4b7c40f0324" kindref="member">position</ref><sp/>!=<sp/></highlight><highlight class="charliteral">&apos;[&apos;</highlight><highlight class="normal">)</highlight></codeline>
<codeline lineno="149"><highlight class="normal"><sp/><sp/><sp/><sp/>{</highlight></codeline>
<codeline lineno="150"><highlight class="normal"><sp/><sp/><sp/><sp/><sp/><sp/><sp/><sp/><ref refid="d8/d02/simple__json__error_8c_1ae0819d6f58f423e5d26ea66df15de81c" kindref="member">sj_set_error</ref>(</highlight><highlight class="stringliteral">&quot;sj_parse_object:<sp/>expected<sp/>first<sp/>character<sp/>to<sp/>be<sp/>a<sp/>{\n&quot;</highlight><highlight class="normal">);</highlight></codeline>
<codeline lineno="151"><highlight class="normal"><sp/><sp/><sp/><sp/><sp/><sp/><sp/><sp/></highlight><highlight class="keywordflow">return</highlight><highlight class="normal"><sp/>NULL;</highlight></codeline>
<codeline lineno="152"><highlight class="normal"><sp/><sp/><sp/><sp/>}</highlight></codeline>
<codeline lineno="153"><highlight class="normal"></highlight></codeline>
<codeline lineno="154"><highlight class="normal"><sp/><sp/><sp/><sp/></highlight><highlight class="comment">//<sp/>allocate<sp/>working<sp/>space</highlight><highlight class="normal"></highlight></codeline>
<codeline lineno="155"><highlight class="normal"><sp/><sp/><sp/><sp/>json<sp/>=<sp/><ref refid="d4/db4/simple__json__array_8c_1a260c8407db429ec48b0fcc342fd35416" kindref="member">sj_array_new</ref>();</highlight></codeline>
<codeline lineno="156"><highlight class="normal"><sp/><sp/><sp/><sp/></highlight><highlight class="keywordflow">if</highlight><highlight class="normal"><sp/>(!json)</highlight><highlight class="keywordflow">return</highlight><highlight class="normal"><sp/>NULL;</highlight></codeline>
<codeline lineno="157"><highlight class="normal"></highlight></codeline>
<codeline lineno="158"><highlight class="normal"><sp/><sp/><sp/><sp/></highlight><highlight class="comment">//chomp<sp/>first<sp/>character</highlight><highlight class="normal"></highlight></codeline>
<codeline lineno="159"><highlight class="normal"><sp/><sp/><sp/><sp/>parse-&gt;<ref refid="d9/dd9/structjsParse_1ace05b203435af05113a9a4b7c40f0324" kindref="member">position</ref>++;</highlight></codeline>
<codeline lineno="160"><highlight class="normal"><sp/><sp/><sp/><sp/></highlight><highlight class="keywordflow">do</highlight><highlight class="normal"></highlight></codeline>
<codeline lineno="161"><highlight class="normal"><sp/><sp/><sp/><sp/>{</highlight></codeline>
<codeline lineno="162"><highlight class="normal"><sp/><sp/><sp/><sp/><sp/><sp/><sp/><sp/>value<sp/>=<sp/><ref refid="d1/d6a/simple__json__parse_8c_1a69fd9fa9c4b990951e09fd80f1e00cd8" kindref="member">sj_parse_value</ref>(parse);</highlight></codeline>
<codeline lineno="163"><highlight class="normal"><sp/><sp/><sp/><sp/><sp/><sp/><sp/><sp/></highlight><highlight class="keywordflow">if</highlight><highlight class="normal"><sp/>(value<sp/>==<sp/>NULL)</highlight></codeline>
<codeline lineno="164"><highlight class="normal"><sp/><sp/><sp/><sp/><sp/><sp/><sp/><sp/>{</highlight></codeline>
<codeline lineno="165"><highlight class="normal"><sp/><sp/><sp/><sp/><sp/><sp/><sp/><sp/><sp/><sp/><sp/><sp/><ref refid="d8/d02/simple__json__error_8c_1ae0819d6f58f423e5d26ea66df15de81c" kindref="member">sj_set_error</ref>(</highlight><highlight class="stringliteral">&quot;--===<sp/>array<sp/>value<sp/>failed<sp/>to<sp/>parse!<sp/>===--\n&quot;</highlight><highlight class="normal">);</highlight></codeline>
<codeline lineno="166"><highlight class="normal"><sp/><sp/><sp/><sp/><sp/><sp/><sp/><sp/><sp/><sp/><sp/><sp/><ref refid="d4/db4/simple__json__array_8c_1a97f6a40db68a7746dfda2c292f01f500" kindref="member">sj_array_free</ref>(json);</highlight></codeline>
<codeline lineno="167"><highlight class="normal"><sp/><sp/><sp/><sp/><sp/><sp/><sp/><sp/><sp/><sp/><sp/><sp/></highlight><highlight class="keywordflow">return</highlight><highlight class="normal"><sp/>NULL;</highlight></codeline>
<codeline lineno="168"><highlight class="normal"><sp/><sp/><sp/><sp/><sp/><sp/><sp/><sp/>}</highlight></codeline>
<codeline lineno="169"><highlight class="normal"><sp/><sp/><sp/><sp/><sp/><sp/><sp/><sp/></highlight></codeline>
<codeline lineno="170"><highlight class="normal"><sp/><sp/><sp/><sp/><sp/><sp/><sp/><sp/><ref refid="d4/db4/simple__json__array_8c_1a629448a3bf8473e0b3b5f698245524d5" kindref="member">sj_array_append</ref>(json,value);</highlight></codeline>
<codeline lineno="171"><highlight class="normal"><sp/><sp/><sp/><sp/><sp/><sp/><sp/><sp/></highlight></codeline>
<codeline lineno="172"><highlight class="normal"><sp/><sp/><sp/><sp/><sp/><sp/><sp/><sp/></highlight><highlight class="keywordflow">if</highlight><highlight class="normal"><sp/>(*parse-&gt;<ref refid="d9/dd9/structjsParse_1ace05b203435af05113a9a4b7c40f0324" kindref="member">position</ref><sp/>==<sp/></highlight><highlight class="charliteral">&apos;,&apos;</highlight><highlight class="normal">)</highlight></codeline>
<codeline lineno="173"><highlight class="normal"><sp/><sp/><sp/><sp/><sp/><sp/><sp/><sp/>{</highlight></codeline>
<codeline lineno="174"><highlight class="normal"><sp/><sp/><sp/><sp/><sp/><sp/><sp/><sp/><sp/><sp/><sp/><sp/>parse-&gt;<ref refid="d9/dd9/structjsParse_1ace05b203435af05113a9a4b7c40f0324" kindref="member">position</ref>++;</highlight></codeline>
<codeline lineno="175"><highlight class="normal"><sp/><sp/><sp/><sp/><sp/><sp/><sp/><sp/>}</highlight></codeline>
<codeline lineno="176"><highlight class="normal"><sp/><sp/><sp/><sp/>}</highlight></codeline>
<codeline lineno="177"><highlight class="normal"><sp/><sp/><sp/><sp/></highlight><highlight class="keywordflow">while</highlight><highlight class="normal">(*parse-&gt;<ref refid="d9/dd9/structjsParse_1ace05b203435af05113a9a4b7c40f0324" kindref="member">position</ref><sp/>!=<sp/></highlight><highlight class="charliteral">&apos;]&apos;</highlight><highlight class="normal">);</highlight></codeline>
<codeline lineno="178"><highlight class="normal"><sp/><sp/><sp/><sp/>parse-&gt;<ref refid="d9/dd9/structjsParse_1ace05b203435af05113a9a4b7c40f0324" kindref="member">position</ref>++;</highlight></codeline>
<codeline lineno="179"><highlight class="normal"><sp/><sp/><sp/><sp/></highlight><highlight class="keywordflow">return</highlight><highlight class="normal"><sp/>json;</highlight></codeline>
<codeline lineno="180"><highlight class="normal">}</highlight></codeline>
<codeline lineno="181"><highlight class="normal"></highlight></codeline>
<codeline lineno="182" refid="d1/d6a/simple__json__parse_8c_1a3309caae005ce8cec5872e722fe089f9" refkind="member"><highlight class="normal"><ref refid="d9/dca/structSJson__S" kindref="compound">SJson</ref><sp/>*<ref refid="d1/d6a/simple__json__parse_8c_1a3309caae005ce8cec5872e722fe089f9" kindref="member">sj_parse_object</ref>(<ref refid="d9/dd9/structjsParse" kindref="compound">jsParse</ref><sp/>*parse)</highlight></codeline>
<codeline lineno="183"><highlight class="normal">{</highlight></codeline>
<codeline lineno="184"><highlight class="normal"><sp/><sp/><sp/><sp/><ref refid="d9/dca/structSJson__S" kindref="compound">SJson</ref><sp/>*json<sp/>=<sp/>NULL;</highlight></codeline>
<codeline lineno="185"><highlight class="normal"><sp/><sp/><sp/><sp/><ref refid="d9/dca/structSJson__S" kindref="compound">SJson</ref><sp/>*value<sp/>=<sp/>NULL;</highlight></codeline>
<codeline lineno="186"><highlight class="normal"><sp/><sp/><sp/><sp/><ref refid="d4/d1f/structSJString" kindref="compound">SJString</ref><sp/>*key;</highlight></codeline>
<codeline lineno="187"><highlight class="normal"><sp/><sp/><sp/><sp/></highlight><highlight class="keywordflow">if</highlight><highlight class="normal"><sp/>(!parse)</highlight><highlight class="keywordflow">return</highlight><highlight class="normal"><sp/>NULL;</highlight></codeline>
<codeline lineno="188"><highlight class="normal"><sp/><sp/><sp/><sp/></highlight><highlight class="comment">//<sp/>validate<sp/>we<sp/>are<sp/>an<sp/>object</highlight><highlight class="normal"></highlight></codeline>
<codeline lineno="189"><highlight class="normal"><sp/><sp/><sp/><sp/></highlight><highlight class="keywordflow">if</highlight><highlight class="normal"><sp/>(*parse-&gt;<ref refid="d9/dd9/structjsParse_1ace05b203435af05113a9a4b7c40f0324" kindref="member">position</ref><sp/>!=<sp/></highlight><highlight class="charliteral">&apos;{&apos;</highlight><highlight class="normal">)</highlight></codeline>
<codeline lineno="190"><highlight class="normal"><sp/><sp/><sp/><sp/>{</highlight></codeline>
<codeline lineno="191"><highlight class="normal"><sp/><sp/><sp/><sp/><sp/><sp/><sp/><sp/><ref refid="d8/d02/simple__json__error_8c_1ae0819d6f58f423e5d26ea66df15de81c" kindref="member">sj_set_error</ref>(</highlight><highlight class="stringliteral">&quot;sj_parse_object:<sp/>expected<sp/>first<sp/>character<sp/>to<sp/>be<sp/>a<sp/>{\n&quot;</highlight><highlight class="normal">);</highlight></codeline>
<codeline lineno="192"><highlight class="normal"><sp/><sp/><sp/><sp/><sp/><sp/><sp/><sp/></highlight><highlight class="keywordflow">return</highlight><highlight class="normal"><sp/>NULL;</highlight></codeline>
<codeline lineno="193"><highlight class="normal"><sp/><sp/><sp/><sp/>}</highlight></codeline>
<codeline lineno="194"><highlight class="normal"></highlight></codeline>
<codeline lineno="195"><highlight class="normal"><sp/><sp/><sp/><sp/></highlight><highlight class="comment">//<sp/>allocate<sp/>working<sp/>space</highlight><highlight class="normal"></highlight></codeline>
<codeline lineno="196"><highlight class="normal"><sp/><sp/><sp/><sp/>json<sp/>=<sp/><ref refid="d1/d00/simple__json__object_8c_1a717d1569ffe0ec2d861fa4769ab3c922" kindref="member">sj_object_new</ref>();</highlight></codeline>
<codeline lineno="197"><highlight class="normal"><sp/><sp/><sp/><sp/></highlight><highlight class="keywordflow">if</highlight><highlight class="normal"><sp/>(!json)</highlight><highlight class="keywordflow">return</highlight><highlight class="normal"><sp/>NULL;</highlight></codeline>
<codeline lineno="198"><highlight class="normal"></highlight></codeline>
<codeline lineno="199"><highlight class="normal"><sp/><sp/><sp/><sp/></highlight><highlight class="comment">//chomp<sp/>first<sp/>character</highlight><highlight class="normal"></highlight></codeline>
<codeline lineno="200"><highlight class="normal"><sp/><sp/><sp/><sp/>parse-&gt;<ref refid="d9/dd9/structjsParse_1ace05b203435af05113a9a4b7c40f0324" kindref="member">position</ref>++;</highlight></codeline>
<codeline lineno="201"><highlight class="normal"><sp/><sp/><sp/><sp/></highlight><highlight class="keywordflow">do</highlight><highlight class="normal"></highlight></codeline>
<codeline lineno="202"><highlight class="normal"><sp/><sp/><sp/><sp/>{</highlight></codeline>
<codeline lineno="203"><highlight class="normal"><sp/><sp/><sp/><sp/><sp/><sp/><sp/><sp/>key<sp/>=<sp/><ref refid="d1/d6a/simple__json__parse_8c_1adb2377e496b086fafe46fa6983b08e1e" kindref="member">sj_parse_string</ref>(parse);</highlight></codeline>
<codeline lineno="204"><highlight class="normal"><sp/><sp/><sp/><sp/><sp/><sp/><sp/><sp/></highlight><highlight class="keywordflow">if</highlight><highlight class="normal"><sp/>(*parse-&gt;<ref refid="d9/dd9/structjsParse_1ace05b203435af05113a9a4b7c40f0324" kindref="member">position</ref><sp/>!=<sp/></highlight><highlight class="charliteral">&apos;:&apos;</highlight><highlight class="normal">)</highlight></codeline>
<codeline lineno="205"><highlight class="normal"><sp/><sp/><sp/><sp/><sp/><sp/><sp/><sp/>{</highlight></codeline>
<codeline lineno="206"><highlight class="normal"><sp/><sp/><sp/><sp/><sp/><sp/><sp/><sp/><sp/><sp/><sp/><sp/><ref refid="d8/d02/simple__json__error_8c_1ae0819d6f58f423e5d26ea66df15de81c" kindref="member">sj_set_error</ref>(</highlight><highlight class="stringliteral">&quot;sj_parse_object:<sp/>no<sp/>colon<sp/>(:)<sp/>delimeter<sp/>for<sp/>object\n&quot;</highlight><highlight class="normal">);</highlight></codeline>
<codeline lineno="207"><highlight class="normal"><sp/><sp/><sp/><sp/><sp/><sp/><sp/><sp/><sp/><sp/><sp/><sp/><ref refid="d1/d00/simple__json__object_8c_1a9d320f7ff286eb0bbd66041daa2df54f" kindref="member">sj_object_free</ref>(json);</highlight></codeline>
<codeline lineno="208"><highlight class="normal"><sp/><sp/><sp/><sp/><sp/><sp/><sp/><sp/><sp/><sp/><sp/><sp/><ref refid="d9/dc8/simple__json__string_8c_1a353b46786c4eab028ec911ed8cafed2d" kindref="member">sj_string_free</ref>(key);</highlight></codeline>
<codeline lineno="209"><highlight class="normal"><sp/><sp/><sp/><sp/><sp/><sp/><sp/><sp/><sp/><sp/><sp/><sp/></highlight><highlight class="keywordflow">return</highlight><highlight class="normal"><sp/>NULL;</highlight></codeline>
<codeline lineno="210"><highlight class="normal"><sp/><sp/><sp/><sp/><sp/><sp/><sp/><sp/>}</highlight></codeline>
<codeline lineno="211"><highlight class="normal"><sp/><sp/><sp/><sp/><sp/><sp/><sp/><sp/>parse-&gt;<ref refid="d9/dd9/structjsParse_1ace05b203435af05113a9a4b7c40f0324" kindref="member">position</ref>++;</highlight></codeline>
<codeline lineno="212"><highlight class="normal"><sp/><sp/><sp/><sp/><sp/><sp/><sp/><sp/>value<sp/>=<sp/><ref refid="d1/d6a/simple__json__parse_8c_1a69fd9fa9c4b990951e09fd80f1e00cd8" kindref="member">sj_parse_value</ref>(parse);</highlight></codeline>
<codeline lineno="213"><highlight class="normal"></highlight></codeline>
<codeline lineno="214"><highlight class="normal"><sp/><sp/><sp/><sp/><sp/><sp/><sp/><sp/></highlight><highlight class="keywordflow">if</highlight><highlight class="normal"><sp/>(value<sp/>==<sp/>NULL)</highlight></codeline>
<codeline lineno="215"><highlight class="normal"><sp/><sp/><sp/><sp/><sp/><sp/><sp/><sp/>{</highlight></codeline>
<codeline lineno="216"><highlight class="normal"><sp/><sp/><sp/><sp/><sp/><sp/><sp/><sp/><sp/><sp/><sp/><sp/><ref refid="d8/d02/simple__json__error_8c_1ae0819d6f58f423e5d26ea66df15de81c" kindref="member">sj_set_error</ref>(</highlight><highlight class="stringliteral">&quot;--===<sp/>array<sp/>value<sp/>failed<sp/>to<sp/>parse!<sp/>===--&quot;</highlight><highlight class="normal">);</highlight></codeline>
<codeline lineno="217"><highlight class="normal"><sp/><sp/><sp/><sp/><sp/><sp/><sp/><sp/><sp/><sp/><sp/><sp/><ref refid="d9/dc8/simple__json__string_8c_1a353b46786c4eab028ec911ed8cafed2d" kindref="member">sj_string_free</ref>(key);</highlight></codeline>
<codeline lineno="218"><highlight class="normal"><sp/><sp/><sp/><sp/><sp/><sp/><sp/><sp/><sp/><sp/><sp/><sp/><ref refid="d1/d00/simple__json__object_8c_1a9d320f7ff286eb0bbd66041daa2df54f" kindref="member">sj_object_free</ref>(json);</highlight></codeline>
<codeline lineno="219"><highlight class="normal"><sp/><sp/><sp/><sp/><sp/><sp/><sp/><sp/><sp/><sp/><sp/><sp/></highlight><highlight class="keywordflow">return</highlight><highlight class="normal"><sp/>NULL;</highlight></codeline>
<codeline lineno="220"><highlight class="normal"><sp/><sp/><sp/><sp/><sp/><sp/><sp/><sp/>}</highlight></codeline>
<codeline lineno="221"><highlight class="normal"><sp/><sp/><sp/><sp/><sp/><sp/><sp/><sp/><ref refid="d1/d00/simple__json__object_8c_1aa46bc64eb14588bd121eae3e33ca0d94" kindref="member">sj_object_insert</ref>(json,key-&gt;<ref refid="d4/d1f/structSJString_1a623eb7be189beccc29815162623ef0ca" kindref="member">text</ref>,value);</highlight></codeline>
<codeline lineno="222"><highlight class="normal"><sp/><sp/><sp/><sp/><sp/><sp/><sp/><sp/><ref refid="d9/dc8/simple__json__string_8c_1a353b46786c4eab028ec911ed8cafed2d" kindref="member">sj_string_free</ref>(key);</highlight></codeline>
<codeline lineno="223"><highlight class="normal"><sp/><sp/><sp/><sp/><sp/><sp/><sp/><sp/></highlight></codeline>
<codeline lineno="224"><highlight class="normal"><sp/><sp/><sp/><sp/><sp/><sp/><sp/><sp/></highlight><highlight class="keywordflow">if</highlight><highlight class="normal"><sp/>(*parse-&gt;<ref refid="d9/dd9/structjsParse_1ace05b203435af05113a9a4b7c40f0324" kindref="member">position</ref><sp/>==<sp/></highlight><highlight class="charliteral">&apos;,&apos;</highlight><highlight class="normal">)</highlight></codeline>
<codeline lineno="225"><highlight class="normal"><sp/><sp/><sp/><sp/><sp/><sp/><sp/><sp/>{</highlight></codeline>
<codeline lineno="226"><highlight class="normal"><sp/><sp/><sp/><sp/><sp/><sp/><sp/><sp/><sp/><sp/><sp/><sp/>parse-&gt;<ref refid="d9/dd9/structjsParse_1ace05b203435af05113a9a4b7c40f0324" kindref="member">position</ref>++;</highlight></codeline>
<codeline lineno="227"><highlight class="normal"><sp/><sp/><sp/><sp/><sp/><sp/><sp/><sp/>}</highlight></codeline>
<codeline lineno="228"><highlight class="normal"><sp/><sp/><sp/><sp/>}</highlight></codeline>
<codeline lineno="229"><highlight class="normal"><sp/><sp/><sp/><sp/></highlight><highlight class="keywordflow">while</highlight><highlight class="normal">(*parse-&gt;<ref refid="d9/dd9/structjsParse_1ace05b203435af05113a9a4b7c40f0324" kindref="member">position</ref><sp/>!=<sp/></highlight><highlight class="charliteral">&apos;}&apos;</highlight><highlight class="normal">);</highlight></codeline>
<codeline lineno="230"><highlight class="normal"><sp/><sp/><sp/><sp/>parse-&gt;<ref refid="d9/dd9/structjsParse_1ace05b203435af05113a9a4b7c40f0324" kindref="member">position</ref>++;</highlight></codeline>
<codeline lineno="231"><highlight class="normal"><sp/><sp/><sp/><sp/></highlight><highlight class="keywordflow">return</highlight><highlight class="normal"><sp/>json;</highlight></codeline>
<codeline lineno="232"><highlight class="normal">}</highlight></codeline>
<codeline lineno="233"><highlight class="normal"></highlight></codeline>
<codeline lineno="234" refid="d4/dce/simple__json__parse_8h_1a7f8b9027661ac8ba4c2a8834b06f5570" refkind="member"><highlight class="normal"><ref refid="d9/dca/structSJson__S" kindref="compound">SJson</ref><sp/>*<ref refid="d1/d6a/simple__json__parse_8c_1a7f8b9027661ac8ba4c2a8834b06f5570" kindref="member">sj_parse_buffer</ref>(</highlight><highlight class="keywordtype">char</highlight><highlight class="normal"><sp/>*</highlight><highlight class="keywordtype">string</highlight><highlight class="normal">,</highlight><highlight class="keywordtype">unsigned</highlight><highlight class="normal"><sp/></highlight><highlight class="keywordtype">long</highlight><highlight class="normal"><sp/>length)</highlight></codeline>
<codeline lineno="235"><highlight class="normal">{</highlight></codeline>
<codeline lineno="236"><highlight class="normal"><sp/><sp/><sp/><sp/><ref refid="d9/dca/structSJson__S" kindref="compound">SJson</ref><sp/>*json<sp/>=<sp/>NULL;</highlight></codeline>
<codeline lineno="237"><highlight class="normal"><sp/><sp/><sp/><sp/><ref refid="d9/dd9/structjsParse" kindref="compound">jsParse</ref><sp/>parse;</highlight></codeline>
<codeline lineno="238"><highlight class="normal"><sp/><sp/><sp/><sp/></highlight><highlight class="keywordflow">if</highlight><highlight class="normal"><sp/>(!</highlight><highlight class="keywordtype">string</highlight><highlight class="normal">)</highlight></codeline>
<codeline lineno="239"><highlight class="normal"><sp/><sp/><sp/><sp/>{</highlight></codeline>
<codeline lineno="240"><highlight class="normal"><sp/><sp/><sp/><sp/><sp/><sp/><sp/><sp/><ref refid="d8/d02/simple__json__error_8c_1ae0819d6f58f423e5d26ea66df15de81c" kindref="member">sj_set_error</ref>(</highlight><highlight class="stringliteral">&quot;sj_parse_buffer:<sp/>no<sp/>string<sp/>provided&quot;</highlight><highlight class="normal">);</highlight></codeline>
<codeline lineno="241"><highlight class="normal"><sp/><sp/><sp/><sp/><sp/><sp/><sp/><sp/></highlight><highlight class="keywordflow">return</highlight><highlight class="normal"><sp/>NULL;</highlight></codeline>
<codeline lineno="242"><highlight class="normal"><sp/><sp/><sp/><sp/>}</highlight></codeline>
<codeline lineno="243"><highlight class="normal"><sp/><sp/><sp/><sp/>parse.<ref refid="d9/dd9/structjsParse_1a9c0b007595634aae8cdb98a7a85b846a" kindref="member">buffer</ref><sp/>=<sp/><ref refid="d9/dca/structSJson__S_1ab50f7c395b214eb050ff59e3a9bbeb4a" kindref="member">string</ref>;</highlight></codeline>
<codeline lineno="244"><highlight class="normal"><sp/><sp/><sp/><sp/>parse.<ref refid="d9/dd9/structjsParse_1ace05b203435af05113a9a4b7c40f0324" kindref="member">position</ref><sp/>=<sp/>strchr(</highlight><highlight class="keywordtype">string</highlight><highlight class="normal">,<sp/></highlight><highlight class="charliteral">&apos;{&apos;</highlight><highlight class="normal">);</highlight></codeline>
<codeline lineno="245"><highlight class="normal"><sp/><sp/><sp/><sp/>parse.<ref refid="d9/dd9/structjsParse_1aa9b5c5a2d56b1753ccadf84c00385fba" kindref="member">end</ref><sp/>=<sp/>&amp;</highlight><highlight class="keywordtype">string</highlight><highlight class="normal">[length<sp/>-1];</highlight></codeline>
<codeline lineno="246"><highlight class="normal"><sp/><sp/><sp/><sp/>json<sp/>=<sp/><ref refid="d1/d6a/simple__json__parse_8c_1a3309caae005ce8cec5872e722fe089f9" kindref="member">sj_parse_object</ref>(&amp;parse);</highlight></codeline>
<codeline lineno="247"><highlight class="normal"><sp/><sp/><sp/><sp/></highlight><highlight class="keywordflow">return</highlight><highlight class="normal"><sp/>json;</highlight></codeline>
<codeline lineno="248"><highlight class="normal">}</highlight></codeline>
    </programlisting>
    <location file="/home/djkehoe/git/simple_json/src/simple_json_parse.c"/>
  </compounddef>
</doxygen>
