<?xml version='1.0' encoding='UTF-8' standalone='no'?>
<doxygen xmlns:xsi="http://www.w3.org/2001/XMLSchema-instance" xsi:noNamespaceSchemaLocation="compound.xsd" version="1.8.11">
  <compounddef id="d9/dd9/structjsParse" kind="struct" language="C++" prot="public">
    <compoundname>jsParse</compoundname>
      <sectiondef kind="public-attrib">
      <memberdef kind="variable" id="d9/dd9/structjsParse_1a9c0b007595634aae8cdb98a7a85b846a" prot="public" static="no" mutable="no">
        <type>char *</type>
        <definition>char* jsParse::buffer</definition>
        <argsstring></argsstring>
        <name>buffer</name>
        <briefdescription>
        </briefdescription>
        <detaileddescription>
<para>the buffer being parsed </para>        </detaileddescription>
        <inbodydescription>
        </inbodydescription>
        <location file="/home/djkehoe/git/simple_json/src/simple_json_parse.c" line="15" column="1" bodyfile="/home/djkehoe/git/simple_json/src/simple_json_parse.c" bodystart="15" bodyend="-1"/>
      </memberdef>
      <memberdef kind="variable" id="d9/dd9/structjsParse_1ace05b203435af05113a9a4b7c40f0324" prot="public" static="no" mutable="no">
        <type>char *</type>
        <definition>char* jsParse::position</definition>
        <argsstring></argsstring>
        <name>position</name>
        <briefdescription>
        </briefdescription>
        <detaileddescription>
<para>the current position being parsed </para>        </detaileddescription>
        <inbodydescription>
        </inbodydescription>
        <location file="/home/djkehoe/git/simple_json/src/simple_json_parse.c" line="16" column="1" bodyfile="/home/djkehoe/git/simple_json/src/simple_json_parse.c" bodystart="16" bodyend="-1"/>
      </memberdef>
      <memberdef kind="variable" id="d9/dd9/structjsParse_1aa9b5c5a2d56b1753ccadf84c00385fba" prot="public" static="no" mutable="no">
        <type>char *</type>
        <definition>char* jsParse::end</definition>
        <argsstring></argsstring>
        <name>end</name>
        <briefdescription>
        </briefdescription>
        <detaileddescription>
<para>the last position to prevent over seek </para>        </detaileddescription>
        <inbodydescription>
        </inbodydescription>
        <location file="/home/djkehoe/git/simple_json/src/simple_json_parse.c" line="17" column="1" bodyfile="/home/djkehoe/git/simple_json/src/simple_json_parse.c" bodystart="17" bodyend="-1"/>
      </memberdef>
      </sectiondef>
    <briefdescription>
<para>structure keeps track of the buffer being parsed and the position last used </para>    </briefdescription>
    <detaileddescription>
    </detaileddescription>
    <location file="/home/djkehoe/git/simple_json/src/simple_json_parse.c" line="14" column="1" bodyfile="/home/djkehoe/git/simple_json/src/simple_json_parse.c" bodystart="13" bodyend="18"/>
    <listofallmembers>
      <member refid="d9/dd9/structjsParse_1a9c0b007595634aae8cdb98a7a85b846a" prot="public" virt="non-virtual"><scope>jsParse</scope><name>buffer</name></member>
      <member refid="d9/dd9/structjsParse_1aa9b5c5a2d56b1753ccadf84c00385fba" prot="public" virt="non-virtual"><scope>jsParse</scope><name>end</name></member>
      <member refid="d9/dd9/structjsParse_1ace05b203435af05113a9a4b7c40f0324" prot="public" virt="non-virtual"><scope>jsParse</scope><name>position</name></member>
    </listofallmembers>
  </compounddef>
</doxygen>
